parcel_id,project_id,assessed_amount,approved_amount,paid_amount,payment_date,payment_status,data_source
PCL-16B80E95,PRJ-001,1311213.6,1118361.99,1118361.99,2024-11-25,paid,synthetic
PCL-6172EB1D,PRJ-001,4217816.08,3643863.57,0.0,,pending,synthetic
PCL-2545E1FA,PRJ-001,2349105.25,2063584.21,2063584.21,2024-03-28,paid,synthetic
PCL-384AB48E,PRJ-001,2307544.16,2254924.88,1127462.44,2024-08-26,partial,synthetic
PCL-C5969CE4,PRJ-001,810917.63,750880.38,0.0,,pending,synthetic
PCL-6ABCDEAC,PRJ-001,2592077.06,2467232.42,0.0,,pending,synthetic
PCL-E099DF44,PRJ-001,2683214.68,2452653.63,2452653.63,2025-04-14,paid,synthetic
PCL-F5EC4A39,PRJ-001,3028184.2,2853769.14,2853769.14,2024-05-15,paid,synthetic
PCL-E6F86E02,PRJ-001,2173623.52,1899280.63,1899280.63,2024-07-27,paid,synthetic
PCL-F7865182,PRJ-001,3918422.6,3596774.47,1798387.24,2024-06-20,partial,synthetic
PCL-9370DE1B,PRJ-001,3954345.06,3559355.16,3559355.16,2024-11-10,paid,synthetic
PCL-F6606B58,PRJ-001,1240328.83,1080992.22,1080992.22,2024-09-02,paid,synthetic
PCL-08E8E283,PRJ-001,3313511.78,2950336.08,1475168.04,2024-06-27,partial,synthetic
PCL-D863F07F,PRJ-001,4215435.03,3920582.62,0.0,,pending,synthetic
PCL-50D889F4,PRJ-001,1945802.66,1920110.62,1920110.62,2024-09-10,paid,synthetic
PCL-04A141FA,PRJ-001,2363688.32,2272697.38,2272697.38,2024-11-01,paid,synthetic
PCL-85ED9B4E,PRJ-001,2355382.92,2067821.39,1033910.7,2024-07-06,partial,synthetic
PCL-268F1F65,PRJ-001,3813392.62,3612072.07,3612072.07,2025-04-17,paid,synthetic
PCL-6F2D780C,PRJ-001,2543890.1,2344801.43,0.0,,pending,synthetic
PCL-3351F300,PRJ-001,4619763.52,4173376.62,4173376.62,2024-09-25,paid,synthetic
PCL-42E866A4,PRJ-001,4784789.66,4573886.39,0.0,,pending,synthetic
PCL-0F8B8BCD,PRJ-001,1809670.89,1752832.8,1752832.8,2025-03-02,paid,synthetic
PCL-C2888411,PRJ-001,1009029.7,904758.02,0.0,,pending,synthetic
PCL-FDAC518A,PRJ-001,2756906.96,2640447.43,0.0,,pending,synthetic
PCL-E63E6F7B,PRJ-001,2811068.7,2657890.66,2657890.66,2024-03-09,paid,synthetic
PCL-14B1802B,PRJ-003,3216769.46,3023594.46,0.0,,pending,synthetic
PCL-ECBEFC6C,PRJ-003,3305734.72,2998052.07,0.0,,pending,synthetic
PCL-DF87F07E,PRJ-003,1506373.16,1333356.07,1333356.07,2024-04-22,paid,synthetic
PCL-8C9B3239,PRJ-003,1216617.29,1138540.15,1138540.15,2024-06-11,paid,synthetic
PCL-E7E50417,PRJ-003,1526524.67,1373116.8,1373116.8,2024-09-28,paid,synthetic
PCL-85B41F80,PRJ-003,3143454.01,2879759.39,0.0,,pending,synthetic
PCL-C2DE6A21,PRJ-003,1626656.96,1463295.57,731647.78,2025-04-05,partial,synthetic
PCL-6C872F28,PRJ-003,4276797.85,3746482.42,0.0,,pending,synthetic
PCL-106E7493,PRJ-003,1018454.1,917426.78,917426.78,2024-12-07,paid,synthetic
PCL-E89046EE,PRJ-003,4375543.66,3758098.94,3758098.94,2024-03-09,paid,synthetic
PCL-D1D220CE,PRJ-003,833706.41,813742.65,813742.65,2025-02-06,paid,synthetic
PCL-15173601,PRJ-003,2913859.65,2516522.04,2516522.04,2025-03-13,paid,synthetic
PCL-641AAD6E,PRJ-003,2533452.24,2443171.58,1221585.79,2024-10-12,partial,synthetic
PCL-2EF0EE05,PRJ-003,2595283.96,2591487.17,1295743.58,2025-03-19,partial,synthetic
PCL-FF7F422A,PRJ-003,4105748.26,3565747.81,3565747.81,2024-09-11,paid,synthetic
PCL-097A2F86,PRJ-003,3168029.13,3147075.97,3147075.97,2024-08-15,paid,synthetic
PCL-8C1ED904,PRJ-003,3538949.38,3434922.72,0.0,,pending,synthetic
PCL-F447DE4C,PRJ-003,3703570.13,3648126.86,3648126.86,2024-09-23,paid,synthetic
PCL-9E3CB5E6,PRJ-003,3281894.36,2935109.34,0.0,,pending,synthetic
PCL-D9FD6633,PRJ-003,3183946.75,2758551.46,1379275.73,2024-07-15,partial,synthetic
PCL-6EF7C14E,PRJ-003,3575039.12,3071111.14,3071111.14,2024-09-15,paid,synthetic
PCL-76DCDB12,PRJ-003,1209579.66,1189898.5,1189898.5,2024-11-04,paid,synthetic
PCL-C47373CD,PRJ-003,916990.27,846645.38,423322.69,2024-05-01,partial,synthetic
PCL-82BB01E0,PRJ-003,666052.96,600665.99,0.0,,pending,synthetic
PCL-FAB9FDA1,PRJ-003,4522222.63,4161892.31,4161892.31,2025-03-01,paid,synthetic
PCL-E41CCD38,PRJ-003,4434571.99,3830828.95,0.0,,pending,synthetic
PCL-7AA859A1,PRJ-003,4205831.56,3863913.27,1931956.64,2024-07-16,partial,synthetic
PCL-71C4C202,PRJ-003,985719.42,866334.05,866334.05,2024-10-14,paid,synthetic
PCL-7AA71223,PRJ-003,1344765.62,1199468.7,1199468.7,2024-12-11,paid,synthetic
PCL-1A985AD8,PRJ-003,2246778.12,1991309.63,995654.82,2024-04-28,partial,synthetic
PCL-DD079ED0,PRJ-003,3109472.48,2849935.41,2849935.41,2024-05-14,paid,synthetic
PCL-EAC1C0EC,PRJ-003,4965594.71,4398274.32,0.0,,pending,synthetic
PCL-9A8AAC77,PRJ-003,4184438.73,4125852.22,0.0,,pending,synthetic
PCL-6EA45ED5,PRJ-003,3714755.43,3308870.84,0.0,,pending,synthetic
PCL-2BF25EF4,PRJ-003,4866155.74,4480524.12,4480524.12,2024-03-14,paid,synthetic
PCL-62C251AB,PRJ-003,4501965.93,4015323.39,0.0,,pending,synthetic
PCL-E803D9BE,PRJ-003,600928.01,535830.85,535830.85,2024-10-02,paid,synthetic
PCL-E71C9DB2,PRJ-005,510092.8,435940.19,217970.1,2025-01-29,partial,synthetic
PCL-953C1262,PRJ-005,2216748.9,2161233.21,2161233.21,2024-03-31,paid,synthetic
PCL-E52FA465,PRJ-005,4146469.06,3644033.22,0.0,,pending,synthetic
PCL-912088F3,PRJ-005,4708837.28,4410644.71,0.0,,pending,synthetic
PCL-BDE74633,PRJ-005,3986445.77,3645352.74,3645352.74,2024-03-08,paid,synthetic
PCL-13E89CCF,PRJ-005,670690.86,633918.83,316959.41,2024-07-07,partial,synthetic
PCL-D8EDC4A1,PRJ-005,3876624.69,3785079.62,0.0,,pending,synthetic
PCL-769188DF,PRJ-005,4917089.7,4517663.68,4517663.68,2024-07-03,paid,synthetic
PCL-8C9A31F9,PRJ-005,1353556.14,1202790.77,0.0,,pending,synthetic
PCL-0363277B,PRJ-005,4488086.35,3929823.34,3929823.34,2024-05-13,paid,synthetic
PCL-4A170E2B,PRJ-005,3583856.67,3265797.47,1632898.74,2024-09-27,partial,synthetic
PCL-0F21DB29,PRJ-005,2115209.75,1834858.77,1834858.77,2024-09-19,paid,synthetic
PCL-AB8F7060,PRJ-005,3482182.29,2995769.05,2995769.05,2024-09-20,paid,synthetic
PCL-864E275D,PRJ-005,2689828.48,2360793.61,2360793.61,2025-03-28,paid,synthetic
PCL-3AC9BB48,PRJ-005,3686985.07,3479923.96,1739961.98,2024-08-15,partial,synthetic
PCL-739FFCCD,PRJ-005,3743909.35,3566127.3,3566127.3,2024-10-20,paid,synthetic
PCL-6989905B,PRJ-005,2399735.93,2220619.0,2220619.0,2024-08-10,paid,synthetic
PCL-B8CED11A,PRJ-005,2217023.91,1896575.17,1896575.17,2025-03-15,paid,synthetic
PCL-FB0BFA8A,PRJ-005,1571814.52,1559334.47,1559334.47,2024-11-24,paid,synthetic
PCL-B13AE025,PRJ-005,1617456.26,1381388.31,690694.16,2024-12-07,partial,synthetic
PCL-B073B6CC,PRJ-005,1275935.21,1213889.49,606944.74,2024-11-19,partial,synthetic
PCL-3624AC0A,PRJ-005,3974321.94,3593473.71,3593473.71,2024-07-19,paid,synthetic
PCL-EC199E75,PRJ-005,3460021.66,3182268.08,3182268.08,2024-11-17,paid,synthetic
PCL-2F8498B2,PRJ-005,4021488.64,3913945.08,0.0,,pending,synthetic
PCL-21818D1D,PRJ-005,4698200.06,4200627.31,0.0,,pending,synthetic
PCL-7DA48DC8,PRJ-005,954845.68,869127.34,0.0,,pending,synthetic
PCL-8D6CD67E,PRJ-005,4769326.81,4725840.6,4725840.6,2024-05-18,paid,synthetic
PCL-12140738,PRJ-005,2516128.7,2140373.84,2140373.84,2025-04-11,paid,synthetic
PCL-4F2FFA60,PRJ-007,2371067.44,2049481.7,2049481.7,2024-10-18,paid,synthetic
PCL-35FB8A4C,PRJ-007,1619294.54,1383919.23,0.0,,pending,synthetic
PCL-A0A88EFC,PRJ-007,2007514.66,1983557.54,1983557.54,2025-05-02,paid,synthetic
PCL-6CF8C4D8,PRJ-007,1490611.81,1482240.49,0.0,,pending,synthetic
PCL-C6C8A3C3,PRJ-007,760151.61,694657.0,0.0,,pending,synthetic
PCL-19D61237,PRJ-007,4342367.25,4177181.99,2088591.0,2024-05-17,partial,synthetic
PCL-EB617C1B,PRJ-007,1096338.3,1088973.67,1088973.67,2025-05-10,paid,synthetic
PCL-8199BCDC,PRJ-007,2195773.29,2067257.29,1033628.64,2024-10-21,partial,synthetic
PCL-9B2BFC9A,PRJ-007,4505899.18,4106324.57,0.0,,pending,synthetic
PCL-46C58585,PRJ-007,4557623.24,4057075.91,4057075.91,2024-06-14,paid,synthetic
PCL-8905AD85,PRJ-007,4600597.91,3988585.96,1994292.98,2024-06-17,partial,synthetic
PCL-C60ABF3B,PRJ-007,3764547.05,3702429.77,0.0,,pending,synthetic
PCL-AB9FE0A9,PRJ-007,3425009.99,3060414.8,0.0,,pending,synthetic
PCL-B3BF3D2F,PRJ-007,2465423.95,2165051.08,0.0,,pending,synthetic
PCL-DE36119E,PRJ-007,2530353.55,2203027.14,0.0,,pending,synthetic
PCL-DE07BC27,PRJ-009,2344750.03,2280226.44,2280226.44,2025-04-24,paid,synthetic
PCL-93DA8633,PRJ-009,2047572.5,1949410.26,974705.13,2024-10-31,partial,synthetic
PCL-F51B76CB,PRJ-009,2731635.77,2596895.15,2596895.15,2024-04-04,paid,synthetic
PCL-14D73A6A,PRJ-009,4107867.86,3757087.34,0.0,,pending,synthetic
PCL-4FFE3C88,PRJ-009,4138621.84,3522739.39,0.0,,pending,synthetic
PCL-7EAEC4C5,PRJ-009,2472187.6,2421433.9,2421433.9,2024-11-27,paid,synthetic
PCL-E1385401,PRJ-009,1415392.73,1209373.78,0.0,,pending,synthetic
PCL-13F9FB9B,PRJ-009,4488041.99,4033646.16,4033646.16,2024-10-14,paid,synthetic
PCL-097DD606,PRJ-009,4000986.21,3840082.4,0.0,,pending,synthetic
PCL-C4F60CBC,PRJ-009,3025186.58,2661561.41,2661561.41,2025-05-09,paid,synthetic
PCL-DB7696B8,PRJ-009,3818167.98,3499760.73,1749880.36,2024-07-26,partial,synthetic
PCL-DDA4DBB8,PRJ-009,3106461.03,3008429.47,3008429.47,2024-03-27,paid,synthetic
PCL-00BBB909,PRJ-009,4077288.97,3611045.88,3611045.88,2024-06-01,paid,synthetic
PCL-E23DEFE7,PRJ-009,3569276.95,3425094.11,0.0,,pending,synthetic
PCL-DADA7FA9,PRJ-009,834521.06,793037.8,0.0,,pending,synthetic
PCL-3E8022FE,PRJ-009,1955001.59,1780850.32,1780850.32,2024-07-18,paid,synthetic
PCL-1FCC992A,PRJ-009,915762.1,825417.94,0.0,,pending,synthetic
PCL-2C44C14B,PRJ-009,1863460.56,1850387.23,1850387.23,2024-03-20,paid,synthetic
PCL-003034CE,PRJ-009,1394938.33,1272003.16,0.0,,pending,synthetic
PCL-975DF8B5,PRJ-009,1392787.09,1357617.09,0.0,,pending,synthetic
PCL-11CF98D3,PRJ-009,2880200.85,2642047.65,2642047.65,2024-05-08,paid,synthetic
PCL-76508B5B,PRJ-009,1127369.96,1042520.36,1042520.36,2024-12-07,paid,synthetic
PCL-155DDB2C,PRJ-009,2931788.33,2572717.98,1286358.99,2024-04-01,partial,synthetic
PCL-06A12170,PRJ-009,4551891.28,4134328.84,0.0,,pending,synthetic
PCL-EE0075FF,PRJ-009,2399447.5,2227759.61,0.0,,pending,synthetic
PCL-FA37EC2C,PRJ-009,3331374.53,3090151.61,3090151.61,2024-09-25,paid,synthetic
PCL-891138AB,PRJ-009,1555191.29,1471323.67,1471323.67,2024-09-27,paid,synthetic
PCL-E2B21FE0,PRJ-009,3004664.74,2833637.76,1416818.88,2024-12-09,partial,synthetic
PCL-71B86EEA,PRJ-009,972799.27,955534.52,477767.26,2024-09-19,partial,synthetic
PCL-044BC0DB,PRJ-009,2884278.95,2824814.82,0.0,,pending,synthetic
PCL-B8B3FAFB,PRJ-009,3743735.89,3273964.4,1636982.2,2024-09-12,partial,synthetic
PCL-52FCDA98,PRJ-009,1558426.0,1493225.11,0.0,,pending,synthetic
PCL-407E484D,PRJ-009,3087489.35,2946792.61,2946792.61,2024-05-22,paid,synthetic
PCL-8816C774,PRJ-009,3722116.17,3648793.45,3648793.45,2024-11-23,paid,synthetic
PCL-81D5C63C,PRJ-011,4677303.19,4523203.33,4523203.33,2024-04-06,paid,synthetic
PCL-4A67198A,PRJ-011,1831577.79,1662852.4,1662852.4,2024-10-28,paid,synthetic
PCL-5F0FDDE8,PRJ-011,2836843.84,2537847.26,0.0,,pending,synthetic
PCL-88EA0495,PRJ-011,3630799.46,3481447.36,1740723.68,2025-05-02,partial,synthetic
PCL-08DF24A8,PRJ-011,759104.24,670336.78,0.0,,pending,synthetic
PCL-DBAB655B,PRJ-011,3872025.42,3620853.76,1810426.88,2024-12-09,partial,synthetic
PCL-A7FFCF4F,PRJ-011,960344.63,870547.43,435273.72,2025-02-06,partial,synthetic
PCL-41841544,PRJ-011,2893838.98,2719398.73,0.0,,pending,synthetic
PCL-7B937555,PRJ-011,4239820.15,3979201.18,0.0,,pending,synthetic
PCL-803F0880,PRJ-011,4117794.6,3922244.24,1961122.12,2025-04-27,partial,synthetic
PCL-383AA74F,PRJ-011,3292503.02,3274010.15,3274010.15,2024-04-10,paid,synthetic
PCL-30AF5AC9,PRJ-011,1553568.75,1545787.03,1545787.03,2024-12-12,paid,synthetic
PCL-1604BCD9,PRJ-011,2234766.11,1940686.67,1940686.67,2025-01-09,paid,synthetic
PCL-6778EEC8,PRJ-011,1086059.74,1070178.27,1070178.27,2024-08-24,paid,synthetic
PCL-6856421F,PRJ-011,2126110.21,2047347.25,1023673.62,2024-10-01,partial,synthetic
PCL-4311AA57,PRJ-013,4928154.09,4622134.71,0.0,,pending,synthetic
PCL-D2F4C25A,PRJ-013,4548464.44,4418882.76,4418882.76,2025-02-02,paid,synthetic
PCL-AA099E19,PRJ-013,3757248.29,3499106.32,3499106.32,2024-04-24,paid,synthetic
PCL-04CC0373,PRJ-013,3026491.12,2963243.93,2963243.93,2024-04-23,paid,synthetic
PCL-2CDA4156,PRJ-013,1670745.44,1638534.36,0.0,,pending,synthetic
PCL-DDA0BE06,PRJ-013,837495.18,714825.7,714825.7,2024-08-13,paid,synthetic
PCL-A723A042,PRJ-013,996740.59,891633.64,0.0,,pending,synthetic
PCL-9C8A6011,PRJ-013,1093200.78,939486.05,0.0,,pending,synthetic
PCL-4B709D48,PRJ-013,1236314.52,1080024.16,1080024.16,2025-04-12,paid,synthetic
PCL-880E5DB4,PRJ-013,3065080.71,2729147.28,0.0,,pending,synthetic
PCL-9F5FB081,PRJ-013,4532520.41,4120772.39,4120772.39,2024-10-13,paid,synthetic
PCL-62905FBB,PRJ-013,3546020.75,3396507.3,3396507.3,2024-05-31,paid,synthetic
PCL-F53F8B1B,PRJ-013,3703088.06,3696754.85,3696754.85,2024-03-06,paid,synthetic
PCL-AE84895F,PRJ-013,3656561.21,3225936.69,1612968.34,2024-08-18,partial,synthetic
PCL-5191E5B8,PRJ-013,2690868.21,2395816.7,1197908.35,2024-03-17,partial,synthetic
PCL-51AAC500,PRJ-013,1164337.52,997656.92,997656.92,2024-06-27,paid,synthetic
PCL-73EF0AE6,PRJ-013,3098525.31,2817100.86,1408550.43,2024-10-11,partial,synthetic
PCL-00EDE25B,PRJ-013,4619760.21,4180540.79,4180540.79,2024-09-03,paid,synthetic
PCL-0EBC2398,PRJ-013,1007578.08,967451.07,0.0,,pending,synthetic
PCL-E57C988B,PRJ-013,2577300.43,2534137.34,2534137.34,2025-04-12,paid,synthetic
PCL-FD73A330,PRJ-013,4232548.73,3884335.24,3884335.24,2025-03-21,paid,synthetic
PCL-4D010A0F,PRJ-013,3485347.36,3260745.89,1630372.94,2024-10-29,partial,synthetic
PCL-29161BEE,PRJ-013,1155088.04,1147167.42,1147167.42,2024-12-24,paid,synthetic
PCL-4C596B68,PRJ-013,4369508.77,3855506.22,0.0,,pending,synthetic
PCL-3A5451B9,PRJ-013,3515713.67,3056812.01,0.0,,pending,synthetic
PCL-4B433027,PRJ-013,2568763.58,2437142.05,1218571.02,2024-06-12,partial,synthetic
PCL-ABB0185F,PRJ-013,1324025.3,1323682.31,661841.16,2024-04-05,partial,synthetic
PCL-52D9F3BE,PRJ-013,3438845.32,3408146.66,0.0,,pending,synthetic
PCL-BF9429FF,PRJ-013,3866662.72,3495562.25,3495562.25,2024-10-25,paid,synthetic
PCL-55EC179C,PRJ-013,2905949.82,2528312.55,2528312.55,2025-04-13,paid,synthetic
PCL-6E297102,PRJ-013,1132261.73,1091337.42,0.0,,pending,synthetic
PCL-C6946601,PRJ-013,2347674.13,2062027.66,2062027.66,2024-09-13,paid,synthetic
PCL-77BB821E,PRJ-013,1392782.82,1239311.71,1239311.71,2024-07-08,paid,synthetic
PCL-AC4167D6,PRJ-013,2801196.5,2662111.71,2662111.71,2025-04-01,paid,synthetic
PCL-F84ABEB0,PRJ-013,585351.13,540524.01,270262.0,2024-11-16,partial,synthetic
PCL-2A131EF6,PRJ-013,739992.57,703274.51,703274.51,2025-04-19,paid,synthetic
PCL-FAA861C7,PRJ-013,4347095.22,4313550.53,0.0,,pending,synthetic
PCL-AE3FF34C,PRJ-013,4802442.57,4723344.03,2361672.02,2024-04-15,partial,synthetic
PCL-22CE04F7,PRJ-013,1277695.43,1212457.45,1212457.45,2024-05-24,paid,synthetic
PCL-C35C89B2,PRJ-013,2168543.04,2026194.4,2026194.4,2025-04-22,paid,synthetic
PCL-AA454A9C,PRJ-013,4703334.79,4243777.19,2121888.6,2024-12-27,partial,synthetic
PCL-A935E774,PRJ-013,3602629.61,3091823.48,3091823.48,2024-03-25,paid,synthetic
PCL-64FD76EB,PRJ-013,700929.39,639366.91,639366.91,2024-12-14,paid,synthetic
PCL-67BEEB42,PRJ-013,3702548.17,3415917.37,0.0,,pending,synthetic
PCL-4BD353FE,PRJ-013,1817880.99,1697748.5,1697748.5,2024-11-09,paid,synthetic
PCL-CF39BFCD,PRJ-013,4923631.63,4660483.05,2330241.52,2024-09-22,partial,synthetic
PCL-19F9B70B,PRJ-013,2982406.58,2775899.4,2775899.4,2025-02-08,paid,synthetic
PCL-BFEB753A,PRJ-013,2722056.44,2532846.56,0.0,,pending,synthetic
PCL-92D4CABB,PRJ-013,1966009.05,1959083.1,1959083.1,2025-02-12,paid,synthetic
PCL-C1373AA8,PRJ-013,4360113.89,3905097.89,0.0,,pending,synthetic
PCL-CEBB6314,PRJ-013,2476443.66,2118782.86,2118782.86,2025-03-16,paid,synthetic
PCL-11EA654C,PRJ-013,4328242.5,3982987.54,3982987.54,2025-05-11,paid,synthetic
PCL-DF36103C,PRJ-013,4399291.44,4119310.05,2059655.02,2024-06-15,partial,synthetic
PCL-6F8D5775,PRJ-013,1965984.11,1932278.68,966139.34,2024-12-06,partial,synthetic
PCL-16B0BF86,PRJ-015,4440513.29,4290079.41,4290079.41,2024-10-02,paid,synthetic
PCL-7BE86239,PRJ-015,1354459.16,1307462.57,1307462.57,2024-09-14,paid,synthetic
PCL-E64E0226,PRJ-015,2099135.65,1844817.02,0.0,,pending,synthetic
PCL-BD09538E,PRJ-015,4141611.57,3822362.91,3822362.91,2025-01-06,paid,synthetic
PCL-F2D365AA,PRJ-015,1528833.3,1378366.54,1378366.54,2024-03-17,paid,synthetic
PCL-56441DE5,PRJ-015,2118393.78,2041475.25,1020737.62,2024-09-08,partial,synthetic
PCL-4912D992,PRJ-015,3454101.47,3239182.1,1619591.05,2024-05-15,partial,synthetic
PCL-68D7695B,PRJ-015,1452545.46,1430941.18,1430941.18,2024-09-05,paid,synthetic
PCL-C1AD2E1F,PRJ-015,4921270.47,4713735.37,0.0,,pending,synthetic
PCL-BB5E4957,PRJ-015,4478720.81,4276764.52,4276764.52,2025-01-08,paid,synthetic
PCL-D5E201F9,PRJ-015,4044556.84,3938437.97,0.0,,pending,synthetic
PCL-8AFA3581,PRJ-015,2959875.66,2806469.43,2806469.43,2024-04-04,paid,synthetic
PCL-30984175,PRJ-015,2845182.88,2473064.14,2473064.14,2025-01-25,paid,synthetic
PCL-1C7FCD94,PRJ-015,1964838.47,1824669.26,0.0,,pending,synthetic
PCL-E86AB94C,PRJ-015,1006329.77,872446.23,872446.23,2024-04-12,paid,synthetic
PCL-6B8BAAF0,PRJ-015,4302671.95,4143715.85,0.0,,pending,synthetic
PCL-D926CA05,PRJ-015,1578372.36,1369383.9,1369383.9,2024-10-28,paid,synthetic
PCL-1DBA5BE1,PRJ-015,1797917.74,1673673.9,836836.95,2024-06-22,partial,synthetic
PCL-3C9FC23F,PRJ-015,1453516.25,1237974.99,618987.5,2025-01-11,partial,synthetic
PCL-63E88CA0,PRJ-015,4830369.07,4320095.56,0.0,,pending,synthetic
PCL-3085CC3D,PRJ-015,2039599.75,1757741.28,1757741.28,2024-07-18,paid,synthetic
PCL-A84D0452,PRJ-015,1360742.25,1298635.47,0.0,,pending,synthetic
PCL-373A9667,PRJ-015,2854034.33,2459818.96,1229909.48,2024-03-30,partial,synthetic
PCL-595E704E,PRJ-015,1213564.39,1108143.94,1108143.94,2024-07-17,paid,synthetic
PCL-F487EC21,PRJ-015,887654.3,831937.19,831937.19,2024-12-31,paid,synthetic
PCL-7DEFD407,PRJ-015,4275136.55,4096797.89,0.0,,pending,synthetic
PCL-5392F196,PRJ-015,1478779.39,1301275.6,0.0,,pending,synthetic
PCL-EC944DF1,PRJ-015,1205786.83,1059928.77,529964.38,2024-06-28,partial,synthetic
PCL-7B3E1A6E,PRJ-015,1055223.89,995191.16,995191.16,2024-09-01,paid,synthetic
PCL-E0C682AE,PRJ-015,4437554.21,4098713.45,4098713.45,2024-12-09,paid,synthetic
PCL-7B759EC6,PRJ-015,915356.62,803248.8,0.0,,pending,synthetic
PCL-4C18538E,PRJ-015,4397166.66,3782629.93,1891314.96,2024-03-10,partial,synthetic
PCL-0C6D1D9C,PRJ-015,1483935.05,1455316.34,1455316.34,2024-08-23,paid,synthetic
PCL-88F374F4,PRJ-015,3968562.97,3495053.28,0.0,,pending,synthetic
PCL-96C5D3A7,PRJ-015,2927848.76,2668734.92,0.0,,pending,synthetic
PCL-0700E5A6,PRJ-015,4171334.43,3791295.49,0.0,,pending,synthetic
PCL-58846226,PRJ-015,4447174.43,4221305.53,0.0,,pending,synthetic
PCL-D153E0A2,PRJ-015,4279250.98,3747035.68,0.0,,pending,synthetic
PCL-9780C4EC,PRJ-015,4967238.99,4238661.81,4238661.81,2024-05-24,paid,synthetic
PCL-7DF4AF8B,PRJ-015,1294869.31,1268299.63,634149.81,2025-03-19,partial,synthetic
PCL-CAECBF58,PRJ-015,4949325.29,4428065.41,4428065.41,2024-09-20,paid,synthetic
PCL-7F9BF109,PRJ-015,2052445.74,1816625.2,908312.6,2024-10-15,partial,synthetic
PCL-02DE0A53,PRJ-015,2552322.44,2487144.28,2487144.28,2025-02-28,paid,synthetic
PCL-E3598DD8,PRJ-015,3624666.0,3449438.94,3449438.94,2025-01-25,paid,synthetic
PCL-502BD476,PRJ-015,2465458.35,2176657.99,2176657.99,2024-07-17,paid,synthetic
PCL-BBD086C9,PRJ-015,1652415.73,1571599.43,1571599.43,2024-11-22,paid,synthetic
PCL-991392A7,PRJ-015,1193005.4,1078222.68,1078222.68,2024-06-18,paid,synthetic
PCL-D4B8CF03,PRJ-015,4397293.07,3837903.73,3837903.73,2025-04-03,paid,synthetic
PCL-A4AE6C5C,PRJ-015,3619100.23,3278608.96,3278608.96,2025-03-18,paid,synthetic
PCL-F9F87815,PRJ-017,2285692.35,2275141.09,2275141.09,2025-01-14,paid,synthetic
PCL-166DFBCC,PRJ-017,4780601.83,4212796.79,2106398.4,2024-04-13,partial,synthetic
PCL-90C17C5A,PRJ-017,1288978.23,1166233.84,0.0,,pending,synthetic
PCL-21407FE4,PRJ-017,4657579.59,4123315.46,0.0,,pending,synthetic
PCL-BA1864CB,PRJ-017,2547496.38,2513212.13,2513212.13,2024-05-12,paid,synthetic
PCL-A7113D8F,PRJ-017,4992696.15,4816189.69,4816189.69,2024-12-10,paid,synthetic
PCL-E055F4D8,PRJ-017,2452637.63,2166673.5,1083336.75,2024-12-24,partial,synthetic
PCL-790B1DF8,PRJ-017,2034570.71,1869271.24,934635.62,2024-09-03,partial,synthetic
PCL-B4882303,PRJ-017,4387435.81,4137983.03,0.0,,pending,synthetic
PCL-333B4F4A,PRJ-017,3209462.19,2898684.61,0.0,,pending,synthetic
PCL-ADC5CACB,PRJ-019,3887316.57,3777141.8,3777141.8,2024-03-12,paid,synthetic
PCL-CD3AF45F,PRJ-019,3536953.28,3452968.92,3452968.92,2024-12-15,paid,synthetic
PCL-26540EC1,PRJ-019,1507477.23,1389585.97,0.0,,pending,synthetic
PCL-6F7306D5,PRJ-019,4962562.15,4641654.99,2320827.5,2024-07-21,partial,synthetic
PCL-6D2B81EF,PRJ-019,3058458.84,2654251.84,1327125.92,2024-12-15,partial,synthetic
PCL-F0ECB5D1,PRJ-019,2198549.19,2088911.51,1044455.76,2024-06-06,partial,synthetic
PCL-BA4D8E07,PRJ-019,4872434.33,4734451.81,4734451.81,2024-12-21,paid,synthetic
PCL-7A13A671,PRJ-019,803869.44,714942.0,714942.0,2025-03-11,paid,synthetic
PCL-7A5F76A2,PRJ-019,3558632.01,3048204.94,3048204.94,2024-06-03,paid,synthetic
PCL-FBCD234B,PRJ-019,2034144.25,1952418.95,1952418.95,2025-04-24,paid,synthetic
PCL-AC70DA24,PRJ-019,3194361.59,2825316.6,2825316.6,2024-03-25,paid,synthetic
PCL-933ED8DE,PRJ-019,555085.68,532274.69,266137.34,2024-11-10,partial,synthetic
PCL-795DD766,PRJ-021,3171687.84,2790172.91,1395086.46,2024-06-30,partial,synthetic
PCL-40B0DFF6,PRJ-021,4485487.2,4360486.61,4360486.61,2024-08-09,paid,synthetic
PCL-B0CBC4D9,PRJ-021,1829240.52,1759643.65,879821.82,2024-09-20,partial,synthetic
PCL-49FD5471,PRJ-021,1733279.47,1715356.44,0.0,,pending,synthetic
PCL-36450E30,PRJ-021,3293654.11,2961107.36,0.0,,pending,synthetic
PCL-8C66377E,PRJ-021,2689427.74,2397056.72,1198528.36,2024-07-09,partial,synthetic
PCL-3C9AC27E,PRJ-021,1410517.86,1402846.04,0.0,,pending,synthetic
PCL-309D69AD,PRJ-021,2840274.15,2760223.18,1380111.59,2024-06-10,partial,synthetic
PCL-6BFCABFD,PRJ-021,1265313.23,1237748.48,1237748.48,2025-02-08,paid,synthetic
PCL-3AFD3620,PRJ-021,2628818.62,2622757.56,2622757.56,2024-10-02,paid,synthetic
PCL-2860614F,PRJ-021,4284799.27,3773456.15,0.0,,pending,synthetic
PCL-A3E0A657,PRJ-021,2059107.33,1931216.37,1931216.37,2024-04-09,paid,synthetic
PCL-39BAD1C7,PRJ-021,4429971.81,4260951.89,2130475.94,2024-06-07,partial,synthetic
PCL-B20AD6AE,PRJ-021,3679483.33,3371920.36,0.0,,pending,synthetic
PCL-CEE67DC0,PRJ-021,593947.76,514483.96,0.0,,pending,synthetic
PCL-74C8E1B3,PRJ-021,1347658.98,1195019.74,1195019.74,2024-04-02,paid,synthetic
PCL-74F66A96,PRJ-021,2356266.49,2086122.78,2086122.78,2024-10-11,paid,synthetic
PCL-31A393B6,PRJ-021,3548934.74,3336798.29,3336798.29,2024-03-21,paid,synthetic
PCL-E31DF820,PRJ-021,3738587.03,3677369.29,1838684.64,2024-03-30,partial,synthetic
PCL-A9B256A2,PRJ-021,2207806.02,1896657.77,0.0,,pending,synthetic
PCL-5C787127,PRJ-021,3156492.33,3124208.62,3124208.62,2024-10-02,paid,synthetic
PCL-C8C47E7E,PRJ-021,1782691.89,1616407.69,808203.84,2025-02-22,partial,synthetic
PCL-8E417A0E,PRJ-021,2797978.76,2544562.09,2544562.09,2024-08-17,paid,synthetic
PCL-C12D8E6F,PRJ-021,1797752.49,1688027.05,1688027.05,2024-06-13,paid,synthetic
PCL-81DAE245,PRJ-021,2367496.76,2236025.77,2236025.77,2024-04-24,paid,synthetic
PCL-DE0261D0,PRJ-021,3770781.91,3708916.13,3708916.13,2024-04-22,paid,synthetic
PCL-EFA59B20,PRJ-021,1884640.13,1712535.41,1712535.41,2024-03-24,paid,synthetic
PCL-F24A3094,PRJ-021,1655127.25,1421550.52,1421550.52,2024-08-03,paid,synthetic
PCL-CDF7B8E7,PRJ-021,1494275.47,1291803.94,1291803.94,2025-02-28,paid,synthetic
PCL-C45001B2,PRJ-021,4870944.28,4542474.99,4542474.99,2025-04-23,paid,synthetic
PCL-CB573EF6,PRJ-021,1218153.25,1103147.44,1103147.44,2024-03-01,paid,synthetic
PCL-94A43246,PRJ-023,1184546.44,1184120.21,592060.1,2024-04-03,partial,synthetic
PCL-6C5070CE,PRJ-023,3253051.78,2896719.07,0.0,,pending,synthetic
PCL-F8184D1A,PRJ-023,1750456.31,1594591.16,0.0,,pending,synthetic
PCL-1D03CD95,PRJ-023,2211238.54,1910504.46,0.0,,pending,synthetic
PCL-5D796F2E,PRJ-023,524498.03,513647.13,513647.13,2024-07-21,paid,synthetic
PCL-51561336,PRJ-023,1603273.32,1420149.62,1420149.62,2024-07-18,paid,synthetic
PCL-D1AEF3B4,PRJ-023,2463736.66,2127853.61,2127853.61,2024-04-14,paid,synthetic
PCL-6058ADBF,PRJ-023,2226127.35,1945071.33,1945071.33,2024-12-10,paid,synthetic
PCL-9D30CBFD,PRJ-023,1331870.41,1317569.24,1317569.24,2024-07-23,paid,synthetic
PCL-D52B6F40,PRJ-023,4587266.13,4382195.1,4382195.1,2025-02-03,paid,synthetic
PCL-396D5B3D,PRJ-023,3631903.7,3494287.01,3494287.01,2024-07-23,paid,synthetic
PCL-D2BE4CB7,PRJ-023,1000492.38,941029.45,0.0,,pending,synthetic
PCL-5805F43D,PRJ-023,4469686.92,4247355.64,0.0,,pending,synthetic
PCL-CD5D1D51,PRJ-023,2640369.87,2516873.31,0.0,,pending,synthetic
PCL-E1C9086E,PRJ-023,4320643.35,4246955.2,4246955.2,2024-09-23,paid,synthetic
PCL-F2D6B12F,PRJ-023,1302312.77,1262378.09,1262378.09,2024-03-17,paid,synthetic
PCL-041BD62F,PRJ-023,3307522.12,2813724.97,2813724.97,2025-01-17,paid,synthetic
PCL-4257D4F6,PRJ-023,2276368.9,2081794.57,2081794.57,2024-04-07,paid,synthetic
PCL-C648D0D5,PRJ-023,4881863.54,4683267.22,4683267.22,2024-12-29,paid,synthetic
PCL-D4F8D8C8,PRJ-023,2298311.02,2140939.75,1070469.88,2024-06-26,partial,synthetic
PCL-0706A772,PRJ-023,2522619.66,2451361.68,2451361.68,2025-04-25,paid,synthetic
PCL-86D0DEB5,PRJ-023,4215280.29,3642026.78,0.0,,pending,synthetic
PCL-1D91F846,PRJ-023,1249873.15,1210374.08,1210374.08,2025-01-24,paid,synthetic
PCL-B03AFE0B,PRJ-023,696429.32,627134.83,627134.83,2024-04-06,paid,synthetic
PCL-350C325C,PRJ-023,1256097.39,1238168.38,619084.19,2025-03-30,partial,synthetic
PCL-4609ADDD,PRJ-023,4111465.45,3999853.6,0.0,,pending,synthetic
PCL-7E91AA05,PRJ-023,1272489.99,1250124.64,0.0,,pending,synthetic
PCL-F55595C9,PRJ-023,4863619.77,4444384.96,0.0,,pending,synthetic
PCL-AE6E8E6E,PRJ-023,999715.63,948631.9,474315.95,2024-12-23,partial,synthetic
PCL-F94A9341,PRJ-023,3608914.39,3125596.25,3125596.25,2025-02-14,paid,synthetic
PCL-191E6986,PRJ-023,1600986.66,1536275.23,1536275.23,2025-03-30,paid,synthetic
PCL-55E136B4,PRJ-023,1338791.42,1212365.81,1212365.81,2025-04-10,paid,synthetic
PCL-230A72D3,PRJ-023,1982033.87,1787948.25,893974.12,2025-02-21,partial,synthetic
PCL-7BF14C81,PRJ-023,4879992.59,4669776.18,4669776.18,2024-12-18,paid,synthetic
PCL-981B221C,PRJ-023,3337707.95,3296486.95,3296486.95,2025-05-12,paid,synthetic
PCL-9B941E28,PRJ-023,1696624.31,1578607.93,1578607.93,2024-12-10,paid,synthetic
PCL-8CF56B8C,PRJ-023,1919754.63,1919243.6,0.0,,pending,synthetic
PCL-9A4A3EBD,PRJ-023,3482381.62,3048345.36,0.0,,pending,synthetic
PCL-0A5F8E8F,PRJ-023,3454611.6,3333764.93,3333764.93,2024-10-09,paid,synthetic
PCL-F7B8DADB,PRJ-023,3082363.88,2998218.37,1499109.18,2024-06-16,partial,synthetic
PCL-25C2D4FF,PRJ-023,1961357.49,1730308.94,1730308.94,2024-11-23,paid,synthetic
PCL-9452F78C,PRJ-023,3287381.67,3091960.52,0.0,,pending,synthetic
PCL-BD824916,PRJ-023,2451820.73,2152223.26,2152223.26,2024-06-03,paid,synthetic
PCL-4A2FD836,PRJ-023,2342043.32,2013726.9,2013726.9,2025-03-23,paid,synthetic
PCL-15B98D3F,PRJ-025,4856121.51,4590417.6,4590417.6,2025-04-08,paid,synthetic
PCL-3EAB9E45,PRJ-025,826902.01,727626.32,363813.16,2025-04-01,partial,synthetic
PCL-A5E4718C,PRJ-025,1932830.22,1688732.33,844366.16,2024-03-22,partial,synthetic
PCL-96F1E230,PRJ-025,1295313.55,1114379.96,1114379.96,2024-07-08,paid,synthetic
PCL-78E22FCE,PRJ-025,1379582.0,1283936.94,0.0,,pending,synthetic
PCL-56E94BB1,PRJ-025,643570.87,620258.07,620258.07,2025-01-21,paid,synthetic
PCL-2C42721E,PRJ-025,2729774.73,2363795.18,0.0,,pending,synthetic
PCL-4773B1BB,PRJ-025,3845432.93,3408990.43,0.0,,pending,synthetic
PCL-701CB8D3,PRJ-025,3399585.05,2898565.67,2898565.67,2025-03-11,paid,synthetic
PCL-09500D3E,PRJ-025,4083897.32,3769966.87,3769966.87,2024-12-06,paid,synthetic
PCL-E27D5543,PRJ-025,2948771.66,2509199.84,0.0,,pending,synthetic
PCL-09EF2FF1,PRJ-025,2380911.29,2229603.01,2229603.01,2024-04-08,paid,synthetic
PCL-CC0EB917,PRJ-025,1711257.02,1534739.76,1534739.76,2024-07-15,paid,synthetic
PCL-EB8D45D1,PRJ-025,1532302.67,1404707.04,702353.52,2024-12-23,partial,synthetic
PCL-AB5ED668,PRJ-027,769464.43,686841.19,0.0,,pending,synthetic
PCL-4C9ECA41,PRJ-027,595375.07,587416.43,0.0,,pending,synthetic
PCL-11E22180,PRJ-027,4180244.11,3681305.77,1840652.88,2024-06-17,partial,synthetic
PCL-1A1685C8,PRJ-027,3070714.6,2640187.69,0.0,,pending,synthetic
PCL-CE189D9B,PRJ-027,3252149.37,3105942.08,0.0,,pending,synthetic
PCL-04C566E8,PRJ-027,1257714.22,1121987.48,0.0,,pending,synthetic
PCL-D5D3D6A7,PRJ-027,2254574.18,2111512.99,2111512.99,2024-06-08,paid,synthetic
PCL-1973472C,PRJ-027,1176279.02,1041931.41,520965.7,2024-12-22,partial,synthetic
PCL-2D500091,PRJ-027,3203352.83,3154029.43,3154029.43,2024-06-08,paid,synthetic
PCL-8E1E058E,PRJ-027,1963923.11,1710993.75,1710993.75,2024-05-23,paid,synthetic
PCL-CBD77EDA,PRJ-027,2282077.52,2130074.35,0.0,,pending,synthetic
PCL-F189EDB7,PRJ-027,4616068.49,4264307.75,4264307.75,2024-10-22,paid,synthetic
PCL-C91B8F23,PRJ-029,4914064.21,4913538.53,4913538.53,2024-05-14,paid,synthetic
PCL-25E765D6,PRJ-029,1343138.78,1272390.28,636195.14,2025-04-21,partial,synthetic
PCL-C08A1087,PRJ-029,1378553.5,1225750.99,612875.5,2024-10-04,partial,synthetic
PCL-EA3A53FD,PRJ-029,1523910.11,1347662.91,673831.46,2025-02-18,partial,synthetic
PCL-758B26A8,PRJ-029,1958306.57,1815648.54,0.0,,pending,synthetic
PCL-F2514CBD,PRJ-029,1137416.63,986878.71,0.0,,pending,synthetic
PCL-27DDAD79,PRJ-029,1069202.03,1038228.63,519114.32,2024-12-03,partial,synthetic
PCL-ED128B2B,PRJ-029,3580551.53,3045319.96,1522659.98,2024-08-11,partial,synthetic
PCL-62618417,PRJ-029,773793.12,770381.64,0.0,,pending,synthetic
PCL-CFDEF0CB,PRJ-029,4070690.16,3579615.34,1789807.67,2024-08-24,partial,synthetic
PCL-3C9785F7,PRJ-029,2611803.7,2475615.81,2475615.81,2024-03-13,paid,synthetic
PCL-C3D28ADB,PRJ-029,2159595.03,1849627.15,1849627.15,2024-05-05,paid,synthetic
PCL-BC78746F,PRJ-029,1028389.25,900702.87,0.0,,pending,synthetic
PCL-1FF27D24,PRJ-029,1849935.09,1574643.24,1574643.24,2024-09-13,paid,synthetic
PCL-B07FABEF,PRJ-029,3459742.51,2975636.89,0.0,,pending,synthetic
PCL-CF9DD3E4,PRJ-029,3267580.25,2821814.12,2821814.12,2025-03-02,paid,synthetic
PCL-1AB97763,PRJ-029,1978122.63,1951185.49,1951185.49,2024-09-17,paid,synthetic
PCL-F83D6F43,PRJ-029,1679824.71,1663309.9,0.0,,pending,synthetic
PCL-BB82C63D,PRJ-029,2157379.47,1919418.23,0.0,,pending,synthetic
PCL-F2EDB36C,PRJ-029,3844300.39,3456406.33,3456406.33,2025-03-31,paid,synthetic
PCL-6B577933,PRJ-029,1209714.53,1154782.75,1154782.75,2024-07-06,paid,synthetic
PCL-8A472D1C,PRJ-029,1014525.95,976751.53,976751.53,2024-03-22,paid,synthetic
PCL-87D76236,PRJ-029,4476470.43,3971321.28,1985660.64,2024-06-14,partial,synthetic
PCL-AF6A8DDF,PRJ-029,2562729.22,2558629.03,2558629.03,2024-12-03,paid,synthetic
PCL-8C292567,PRJ-029,1956914.66,1833031.37,1833031.37,2024-03-27,paid,synthetic
PCL-AE5ECD09,PRJ-029,1863395.88,1597633.39,1597633.39,2024-09-28,paid,synthetic
PCL-22141647,PRJ-029,1549466.28,1347617.49,1347617.49,2024-06-23,paid,synthetic
PCL-C5BD4E57,PRJ-029,2497849.99,2219372.59,0.0,,pending,synthetic
PCL-806B3334,PRJ-029,1841936.55,1680013.45,1680013.45,2024-10-06,paid,synthetic
PCL-C24478D9,PRJ-029,4077345.13,3958860.78,3958860.78,2024-11-22,paid,synthetic
PCL-1A387FC9,PRJ-029,588370.42,553727.99,0.0,,pending,synthetic
PCL-5F674BE6,PRJ-029,4364064.47,4299533.75,0.0,,pending,synthetic
PCL-8B117CCE,PRJ-029,3255988.71,2934723.06,2934723.06,2024-03-24,paid,synthetic
PCL-F58D563F,PRJ-029,3683981.51,3666180.88,3666180.88,2024-12-02,paid,synthetic
PCL-82FE7D15,PRJ-029,4591095.77,4081010.09,2040505.04,2024-12-29,partial,synthetic
PCL-CAADDFB3,PRJ-029,4343348.48,3992668.94,1996334.47,2025-04-01,partial,synthetic
