project_id,snapshot_date,pending_parcels,completed_parcels,average_stage_days,sla_breaches,compensation_pending,rr_pending,possession_pending,processing_rate,data_source
PRJ-001,2024-06-01,26,23,38.1,10,6,9,3,0.17,synthetic
PRJ-001,2024-06-16,23,26,79.8,11,15,7,4,0.169,synthetic
PRJ-001,2024-07-01,20,29,35.3,10,13,6,4,0.202,synthetic
PRJ-001,2024-07-16,17,32,36.3,4,7,4,2,0.191,synthetic
PRJ-001,2024-07-31,14,35,78.7,3,7,4,2,0.204,synthetic
PRJ-001,2024-08-15,12,37,60.0,6,5,4,3,0.23,synthetic
PRJ-001,2024-08-30,9,40,67.4,2,3,3,1,0.235,synthetic
PRJ-001,2024-09-14,7,42,59.3,3,2,2,1,0.207,synthetic
PRJ-001,2024-09-29,4,45,76.5,1,2,0,1,0.184,synthetic
PRJ-001,2024-10-14,2,47,28.4,1,0,0,0,0.167,synthetic
PRJ-001,2024-10-29,2,47,82.3,0,1,0,0,0.19,synthetic
PRJ-001,2024-11-13,2,47,53.3,0,0,0,0,0.213,synthetic
PRJ-001,2024-11-28,2,47,37.8,0,1,0,0,0.225,synthetic
PRJ-001,2024-12-13,2,47,47.9,0,1,0,0,0.225,synthetic
PRJ-001,2024-12-28,2,47,26.3,0,0,0,0,0.256,synthetic
PRJ-001,2025-01-12,2,47,49.7,1,1,0,0,0.266,synthetic
PRJ-001,2025-01-27,2,47,47.7,0,0,0,0,0.252,synthetic
PRJ-001,2025-02-11,2,47,73.9,0,0,0,0,0.262,synthetic
PRJ-001,2025-02-26,2,47,25.3,0,0,0,0,0.242,synthetic
PRJ-001,2025-03-13,2,47,39.3,0,0,0,0,0.24,synthetic
PRJ-001,2025-03-28,2,47,19.7,0,0,0,0,0.224,synthetic
PRJ-001,2025-04-12,2,47,40.6,0,0,0,0,0.203,synthetic
PRJ-001,2025-04-27,2,47,82.3,0,0,0,0,0.236,synthetic
PRJ-001,2025-05-12,2,47,30.2,1,0,0,0,0.247,synthetic
PRJ-001,2025-05-27,2,47,88.1,0,0,0,0,0.268,synthetic
PRJ-001,2025-06-11,2,47,32.0,0,0,0,0,0.271,synthetic
PRJ-001,2025-06-26,2,47,45.3,0,0,0,0,0.273,synthetic
PRJ-001,2025-07-11,2,47,42.0,0,0,0,0,0.275,synthetic
PRJ-001,2025-07-26,2,47,15.2,0,1,0,0,0.268,synthetic
PRJ-001,2025-08-10,2,47,53.2,0,0,0,0,0.256,synthetic
PRJ-001,2025-08-25,2,47,69.8,0,0,0,0,0.26,synthetic
PRJ-003,2024-06-01,54,29,34.7,21,34,21,5,0.097,synthetic
PRJ-003,2024-06-16,55,28,78.3,23,21,10,6,0.097,synthetic
PRJ-003,2024-07-01,56,27,71.4,30,31,20,5,0.103,synthetic
PRJ-003,2024-07-16,58,25,81.6,7,25,15,8,0.112,synthetic
PRJ-003,2024-07-31,60,23,88.4,26,39,8,11,0.107,synthetic
PRJ-003,2024-08-15,63,20,35.4,26,40,20,13,0.115,synthetic
PRJ-003,2024-08-30,63,20,61.2,28,14,6,10,0.14,synthetic
PRJ-003,2024-09-14,63,20,79.7,15,22,22,11,0.166,synthetic
PRJ-003,2024-09-29,66,17,40.2,6,32,13,12,0.167,synthetic
PRJ-003,2024-10-14,68,15,51.9,34,25,11,14,0.141,synthetic
PRJ-003,2024-10-29,69,14,43.8,32,34,22,13,0.138,synthetic
PRJ-003,2024-11-13,71,12,71.3,29,14,14,13,0.108,synthetic
PRJ-003,2024-11-28,71,12,65.7,7,31,7,11,0.099,synthetic
PRJ-003,2024-12-13,70,13,86.2,40,26,8,8,0.095,synthetic
PRJ-003,2024-12-28,69,14,31.9,10,13,10,15,0.084,synthetic
PRJ-003,2025-01-12,71,12,49.1,32,21,11,20,0.063,synthetic
PRJ-003,2025-01-27,72,11,88.4,38,45,18,8,0.08,synthetic
PRJ-003,2025-02-11,74,9,48.0,26,18,14,9,0.082,synthetic
PRJ-003,2025-02-26,75,8,55.6,21,25,24,8,0.095,synthetic
PRJ-003,2025-03-13,75,8,37.5,36,32,28,15,0.113,synthetic
PRJ-003,2025-03-28,76,7,87.2,17,25,30,20,0.133,synthetic
PRJ-003,2025-04-12,78,5,46.4,12,44,30,20,0.119,synthetic
PRJ-003,2025-04-27,78,5,20.2,15,45,21,21,0.149,synthetic
PRJ-003,2025-05-12,77,6,71.9,25,45,18,15,0.162,synthetic
PRJ-003,2025-05-27,76,7,81.4,42,37,20,16,0.176,synthetic
PRJ-003,2025-06-11,76,7,25.6,11,40,17,17,0.202,synthetic
PRJ-003,2025-06-26,78,5,31.9,41,50,12,11,0.225,synthetic
PRJ-003,2025-07-11,79,4,87.6,32,27,27,20,0.193,synthetic
PRJ-003,2025-07-26,77,6,60.0,39,41,9,8,0.168,synthetic
PRJ-003,2025-08-10,77,6,22.7,16,45,30,21,0.188,synthetic
PRJ-003,2025-08-25,78,5,41.5,26,34,16,12,0.175,synthetic
PRJ-005,2024-06-01,46,6,87.2,14,18,10,10,0.01,synthetic
PRJ-005,2024-06-16,46,6,29.1,21,15,9,13,0.023,synthetic
PRJ-005,2024-07-01,48,4,32.5,17,14,17,5,0.036,synthetic
PRJ-005,2024-07-16,49,3,84.2,24,14,13,12,0.051,synthetic
PRJ-005,2024-07-31,50,2,39.0,24,10,13,11,0.052,synthetic
PRJ-005,2024-08-15,50,2,80.8,29,13,19,9,0.03,synthetic
PRJ-005,2024-08-30,50,2,57.4,19,22,9,8,0.084,synthetic
PRJ-005,2024-09-14,50,2,77.4,14,33,13,7,0.09,synthetic
PRJ-005,2024-09-29,50,2,57.0,17,11,16,7,0.059,synthetic
PRJ-005,2024-10-14,50,2,56.3,18,25,7,14,0.056,synthetic
PRJ-005,2024-10-29,50,2,23.8,5,34,7,7,0.093,synthetic
PRJ-005,2024-11-13,50,2,68.1,23,34,6,12,0.064,synthetic
PRJ-005,2024-11-28,50,2,84.6,14,13,8,14,0.011,synthetic
PRJ-005,2024-12-13,50,2,86.3,11,26,19,7,0.023,synthetic
PRJ-005,2024-12-28,50,2,66.9,23,21,5,14,0.084,synthetic
PRJ-005,2025-01-12,50,2,34.2,17,32,6,6,0.116,synthetic
PRJ-005,2025-01-27,50,2,88.0,23,31,5,12,0.124,synthetic
PRJ-005,2025-02-11,50,2,47.1,12,28,7,7,0.115,synthetic
PRJ-005,2025-02-26,50,2,44.4,9,30,9,10,0.125,synthetic
PRJ-005,2025-03-13,50,2,58.9,10,12,10,14,0.193,synthetic
PRJ-005,2025-03-28,50,2,30.2,5,12,14,10,0.16,synthetic
PRJ-005,2025-04-12,50,2,80.7,19,11,6,7,0.159,synthetic
PRJ-005,2025-04-27,50,2,21.9,11,13,13,13,0.159,synthetic
PRJ-005,2025-05-12,50,2,38.3,22,34,10,5,0.191,synthetic
PRJ-005,2025-05-27,50,2,31.5,5,18,10,6,0.207,synthetic
PRJ-005,2025-06-11,50,2,87.0,27,17,6,8,0.198,synthetic
PRJ-005,2025-06-26,50,2,16.3,9,21,13,9,0.164,synthetic
PRJ-005,2025-07-11,50,2,89.5,15,30,8,5,0.179,synthetic
PRJ-005,2025-07-26,50,2,51.8,9,20,13,6,0.184,synthetic
PRJ-005,2025-08-10,50,2,18.4,24,16,8,5,0.197,synthetic
PRJ-005,2025-08-25,50,2,84.7,13,10,19,9,0.173,synthetic
PRJ-007,2024-06-01,21,11,60.1,9,10,7,4,0.089,synthetic
PRJ-007,2024-06-16,21,11,84.6,6,5,7,4,0.08,synthetic
PRJ-007,2024-07-01,21,11,40.6,8,13,7,5,0.077,synthetic
PRJ-007,2024-07-16,23,9,19.5,6,8,7,4,0.055,synthetic
PRJ-007,2024-07-31,23,9,32.0,10,8,8,3,0.01,synthetic
PRJ-007,2024-08-15,23,9,48.9,4,7,3,4,0.01,synthetic
PRJ-007,2024-08-30,23,9,89.7,5,6,3,3,0.01,synthetic
PRJ-007,2024-09-14,24,8,26.4,8,5,5,4,0.029,synthetic
PRJ-007,2024-09-29,25,7,23.8,3,11,8,3,0.026,synthetic
PRJ-007,2024-10-14,25,7,35.6,14,10,9,2,0.01,synthetic
PRJ-007,2024-10-29,26,6,81.2,7,11,8,3,0.016,synthetic
PRJ-007,2024-11-13,26,6,52.9,3,9,8,4,0.01,synthetic
PRJ-007,2024-11-28,27,5,80.5,7,9,4,5,0.03,synthetic
PRJ-007,2024-12-13,26,6,49.2,6,14,3,7,0.021,synthetic
PRJ-007,2024-12-28,26,6,57.5,13,7,6,5,0.01,synthetic
PRJ-007,2025-01-12,26,6,50.0,10,16,7,7,0.01,synthetic
PRJ-007,2025-01-27,26,6,44.9,8,8,4,6,0.037,synthetic
PRJ-007,2025-02-11,28,4,17.3,10,10,4,4,0.018,synthetic
PRJ-007,2025-02-26,27,5,45.9,15,5,3,7,0.014,synthetic
PRJ-007,2025-03-13,28,4,89.1,15,10,5,7,0.01,synthetic
PRJ-007,2025-03-28,29,3,32.4,5,16,9,7,0.036,synthetic
PRJ-007,2025-04-12,29,3,86.2,5,8,3,3,0.01,synthetic
PRJ-007,2025-04-27,30,2,42.5,9,16,7,8,0.01,synthetic
PRJ-007,2025-05-12,30,2,47.7,9,19,9,7,0.01,synthetic
PRJ-007,2025-05-27,29,3,34.5,3,8,9,8,0.01,synthetic
PRJ-007,2025-06-11,30,2,40.0,17,19,4,4,0.025,synthetic
PRJ-007,2025-06-26,30,2,76.2,3,17,6,6,0.01,synthetic
PRJ-007,2025-07-11,29,3,15.5,12,19,10,5,0.022,synthetic
PRJ-007,2025-07-26,30,2,53.4,4,19,9,7,0.047,synthetic
PRJ-007,2025-08-10,30,2,40.9,7,6,8,7,0.033,synthetic
PRJ-007,2025-08-25,31,1,59.0,15,19,3,8,0.01,synthetic
PRJ-009,2024-06-01,59,9,30.8,18,29,9,14,0.123,synthetic
PRJ-009,2024-06-16,61,7,69.5,23,33,16,6,0.086,synthetic
PRJ-009,2024-07-01,64,4,24.3,31,40,22,14,0.053,synthetic
PRJ-009,2024-07-16,65,3,65.9,21,33,22,15,0.057,synthetic
PRJ-009,2024-07-31,66,2,34.3,11,39,17,6,0.059,synthetic
PRJ-009,2024-08-15,66,2,87.9,29,40,19,14,0.01,synthetic
PRJ-009,2024-08-30,66,2,43.7,34,42,15,11,0.032,synthetic
PRJ-009,2024-09-14,66,2,30.5,20,45,8,13,0.092,synthetic
PRJ-009,2024-09-29,66,2,19.7,7,29,24,16,0.092,synthetic
PRJ-009,2024-10-14,66,2,31.4,13,36,22,8,0.142,synthetic
PRJ-009,2024-10-29,66,2,75.9,24,38,10,8,0.145,synthetic
PRJ-009,2024-11-13,66,2,48.1,38,30,25,8,0.14,synthetic
PRJ-009,2024-11-28,66,2,24.5,19,37,8,11,0.185,synthetic
PRJ-009,2024-12-13,66,2,50.4,37,31,9,12,0.232,synthetic
PRJ-009,2024-12-28,66,2,50.1,7,43,7,15,0.209,synthetic
PRJ-009,2025-01-12,66,2,25.8,19,32,19,9,0.253,synthetic
PRJ-009,2025-01-27,66,2,74.6,28,28,14,13,0.248,synthetic
PRJ-009,2025-02-11,66,2,53.4,37,29,8,9,0.232,synthetic
PRJ-009,2025-02-26,66,2,78.7,10,40,19,15,0.237,synthetic
PRJ-009,2025-03-13,66,2,44.2,28,13,13,9,0.246,synthetic
PRJ-009,2025-03-28,66,2,29.5,26,17,20,19,0.247,synthetic
PRJ-009,2025-04-12,66,2,51.3,21,39,20,11,0.22,synthetic
PRJ-009,2025-04-27,66,2,57.8,32,19,10,12,0.273,synthetic
PRJ-009,2025-05-12,66,2,22.3,17,45,11,18,0.281,synthetic
PRJ-009,2025-05-27,66,2,78.3,23,43,18,11,0.297,synthetic
PRJ-009,2025-06-11,66,2,29.2,23,29,11,9,0.298,synthetic
PRJ-009,2025-06-26,66,2,88.9,20,36,23,18,0.34,synthetic
PRJ-009,2025-07-11,66,2,61.2,23,20,24,13,0.32,synthetic
PRJ-009,2025-07-26,66,2,78.9,7,28,13,9,0.318,synthetic
PRJ-009,2025-08-10,66,2,78.3,34,22,13,18,0.299,synthetic
PRJ-009,2025-08-25,66,2,26.9,10,26,16,16,0.355,synthetic
PRJ-011,2024-06-01,30,9,15.7,5,17,4,8,0.092,synthetic
PRJ-011,2024-06-16,31,8,33.5,7,8,9,7,0.095,synthetic
PRJ-011,2024-07-01,33,6,65.7,16,9,8,7,0.08,synthetic
PRJ-011,2024-07-16,33,6,32.5,13,13,13,3,0.094,synthetic
PRJ-011,2024-07-31,34,5,66.9,9,13,8,3,0.088,synthetic
PRJ-011,2024-08-15,34,5,65.9,9,6,5,7,0.099,synthetic
PRJ-011,2024-08-30,35,4,16.0,8,24,5,4,0.109,synthetic
PRJ-011,2024-09-14,36,3,20.2,14,8,13,3,0.111,synthetic
PRJ-011,2024-09-29,38,1,86.6,22,25,7,6,0.112,synthetic
PRJ-011,2024-10-14,37,2,47.3,7,25,9,10,0.127,synthetic
PRJ-011,2024-10-29,37,2,26.9,7,13,7,4,0.116,synthetic
PRJ-011,2024-11-13,38,1,46.8,9,10,5,9,0.148,synthetic
PRJ-011,2024-11-28,38,1,79.3,18,12,6,7,0.128,synthetic
PRJ-011,2024-12-13,38,1,58.0,12,15,5,10,0.129,synthetic
PRJ-011,2024-12-28,38,1,29.0,21,20,9,11,0.111,synthetic
PRJ-011,2025-01-12,38,1,31.0,11,19,6,5,0.113,synthetic
PRJ-011,2025-01-27,38,1,19.7,8,23,15,8,0.101,synthetic
PRJ-011,2025-02-11,38,1,31.0,21,12,8,10,0.123,synthetic
PRJ-011,2025-02-26,38,1,19.1,13,22,6,8,0.105,synthetic
PRJ-011,2025-03-13,38,1,67.6,19,17,11,6,0.065,synthetic
PRJ-011,2025-03-28,38,1,21.0,20,8,4,4,0.074,synthetic
PRJ-011,2025-04-12,38,1,69.1,14,15,8,4,0.049,synthetic
PRJ-011,2025-04-27,38,1,47.8,10,24,7,6,0.066,synthetic
PRJ-011,2025-05-12,38,1,89.5,12,15,11,8,0.056,synthetic
PRJ-011,2025-05-27,38,1,55.4,14,10,10,8,0.071,synthetic
PRJ-011,2025-06-11,38,1,54.8,8,9,12,6,0.093,synthetic
PRJ-011,2025-06-26,38,1,70.2,16,16,9,10,0.064,synthetic
PRJ-011,2025-07-11,38,1,69.9,11,15,4,8,0.033,synthetic
PRJ-011,2025-07-26,38,1,35.0,20,14,10,4,0.042,synthetic
PRJ-011,2025-08-10,38,1,32.8,13,21,10,7,0.052,synthetic
PRJ-011,2025-08-25,38,1,33.1,6,15,8,7,0.058,synthetic
PRJ-013,2024-06-01,74,24,23.2,11,43,25,14,0.078,synthetic
PRJ-013,2024-06-16,79,19,61.5,15,18,30,14,0.098,synthetic
PRJ-013,2024-07-01,83,15,70.3,9,40,30,19,0.102,synthetic
PRJ-013,2024-07-16,84,14,74.6,17,47,26,21,0.146,synthetic
PRJ-013,2024-07-31,86,12,66.4,18,43,14,18,0.189,synthetic
PRJ-013,2024-08-15,88,10,31.0,20,24,16,9,0.209,synthetic
PRJ-013,2024-08-30,91,7,80.5,36,57,34,18,0.179,synthetic
PRJ-013,2024-09-14,92,6,50.9,40,44,28,11,0.157,synthetic
PRJ-013,2024-09-29,93,5,16.4,13,39,33,14,0.16,synthetic
PRJ-013,2024-10-14,93,5,74.2,40,22,34,22,0.166,synthetic
PRJ-013,2024-10-29,96,2,88.3,19,36,17,10,0.164,synthetic
PRJ-013,2024-11-13,96,2,34.5,43,47,19,13,0.164,synthetic
PRJ-013,2024-11-28,96,2,63.9,55,38,14,21,0.195,synthetic
PRJ-013,2024-12-13,96,2,68.5,44,65,12,11,0.196,synthetic
PRJ-013,2024-12-28,96,2,76.9,16,47,25,14,0.179,synthetic
PRJ-013,2025-01-12,96,2,82.8,55,19,35,27,0.198,synthetic
PRJ-013,2025-01-27,96,2,89.5,45,27,14,10,0.196,synthetic
PRJ-013,2025-02-11,96,2,31.8,41,64,23,16,0.202,synthetic
PRJ-013,2025-02-26,96,2,43.8,14,22,12,14,0.225,synthetic
PRJ-013,2025-03-13,96,2,59.1,54,48,25,15,0.217,synthetic
PRJ-013,2025-03-28,96,2,39.9,13,20,31,13,0.202,synthetic
PRJ-013,2025-04-12,96,2,21.1,38,66,24,17,0.204,synthetic
PRJ-013,2025-04-27,96,2,70.5,34,38,11,13,0.213,synthetic
PRJ-013,2025-05-12,96,2,64.2,16,49,22,16,0.199,synthetic
PRJ-013,2025-05-27,96,2,18.2,14,66,31,10,0.187,synthetic
PRJ-013,2025-06-11,95,3,87.5,30,54,34,25,0.209,synthetic
PRJ-013,2025-06-26,96,2,53.4,52,19,33,22,0.189,synthetic
PRJ-013,2025-07-11,96,2,38.0,33,39,12,10,0.193,synthetic
PRJ-013,2025-07-26,96,2,36.2,27,23,31,17,0.169,synthetic
PRJ-013,2025-08-10,94,4,32.5,42,35,34,15,0.183,synthetic
PRJ-013,2025-08-25,95,3,81.8,21,53,30,10,0.204,synthetic
PRJ-015,2024-06-01,40,34,37.6,6,9,12,7,0.128,synthetic
PRJ-015,2024-06-16,36,38,85.4,13,23,11,10,0.108,synthetic
PRJ-015,2024-07-01,32,42,89.4,14,10,12,7,0.129,synthetic
PRJ-015,2024-07-16,29,45,46.8,10,12,7,6,0.146,synthetic
PRJ-015,2024-07-31,26,48,26.0,13,13,5,6,0.143,synthetic
PRJ-015,2024-08-15,24,50,36.0,3,8,3,4,0.135,synthetic
PRJ-015,2024-08-30,20,54,37.8,8,13,5,3,0.121,synthetic
PRJ-015,2024-09-14,15,59,46.3,7,6,3,3,0.129,synthetic
PRJ-015,2024-09-29,14,60,40.6,7,7,2,2,0.147,synthetic
PRJ-015,2024-10-14,10,64,83.0,5,3,2,1,0.137,synthetic
PRJ-015,2024-10-29,6,68,19.2,1,3,1,0,0.16,synthetic
PRJ-015,2024-11-13,3,71,29.7,0,1,1,0,0.156,synthetic
PRJ-015,2024-11-28,3,71,23.3,0,1,0,0,0.162,synthetic
PRJ-015,2024-12-13,3,71,20.0,1,1,1,0,0.183,synthetic
PRJ-015,2024-12-28,3,71,30.6,0,1,1,0,0.169,synthetic
PRJ-015,2025-01-12,3,71,47.4,1,1,1,0,0.153,synthetic
PRJ-015,2025-01-27,3,71,80.6,0,1,0,0,0.163,synthetic
PRJ-015,2025-02-11,3,71,76.0,0,0,1,0,0.16,synthetic
PRJ-015,2025-02-26,3,71,58.1,1,1,0,0,0.142,synthetic
PRJ-015,2025-03-13,3,71,89.6,0,1,0,0,0.157,synthetic
PRJ-015,2025-03-28,3,71,30.8,1,0,1,0,0.13,synthetic
PRJ-015,2025-04-12,3,71,55.7,1,1,0,0,0.133,synthetic
PRJ-015,2025-04-27,3,71,18.9,1,1,0,0,0.141,synthetic
PRJ-015,2025-05-12,3,71,31.1,0,0,1,0,0.127,synthetic
PRJ-015,2025-05-27,3,71,88.8,1,1,0,0,0.097,synthetic
PRJ-015,2025-06-11,3,71,69.2,1,1,1,0,0.054,synthetic
PRJ-015,2025-06-26,3,71,71.0,0,1,0,0,0.023,synthetic
PRJ-015,2025-07-11,3,71,33.8,1,1,0,0,0.018,synthetic
PRJ-015,2025-07-26,3,71,72.6,1,1,0,0,0.01,synthetic
PRJ-015,2025-08-10,3,71,58.2,1,1,0,0,0.057,synthetic
PRJ-015,2025-08-25,3,71,69.7,1,1,1,0,0.088,synthetic
PRJ-017,2024-06-01,19,3,24.1,5,7,5,4,0.055,synthetic
PRJ-017,2024-06-16,19,3,21.7,4,5,3,3,0.019,synthetic
PRJ-017,2024-07-01,20,2,40.4,5,9,2,2,0.032,synthetic
PRJ-017,2024-07-16,20,2,23.5,5,6,3,5,0.056,synthetic
PRJ-017,2024-07-31,21,1,54.8,8,12,3,4,0.029,synthetic
PRJ-017,2024-08-15,21,1,50.9,5,9,5,5,0.02,synthetic
PRJ-017,2024-08-30,21,1,32.1,3,14,4,2,0.018,synthetic
PRJ-017,2024-09-14,21,1,88.4,7,14,4,3,0.01,synthetic
PRJ-017,2024-09-29,21,1,79.4,8,9,2,6,0.01,synthetic
PRJ-017,2024-10-14,21,1,24.3,6,7,3,5,0.024,synthetic
PRJ-017,2024-10-29,21,1,27.9,11,5,3,4,0.018,synthetic
PRJ-017,2024-11-13,21,1,23.3,7,5,5,5,0.025,synthetic
PRJ-017,2024-11-28,21,1,29.4,11,5,6,2,0.014,synthetic
PRJ-017,2024-12-13,21,1,52.6,2,9,7,4,0.049,synthetic
PRJ-017,2024-12-28,21,1,47.7,9,9,7,5,0.034,synthetic
PRJ-017,2025-01-12,21,1,35.4,7,10,2,5,0.044,synthetic
PRJ-017,2025-01-27,21,1,19.8,12,13,6,6,0.02,synthetic
PRJ-017,2025-02-11,21,1,58.3,4,13,4,3,0.01,synthetic
PRJ-017,2025-02-26,21,1,36.8,4,7,6,2,0.01,synthetic
PRJ-017,2025-03-13,21,1,36.3,10,11,6,2,0.01,synthetic
PRJ-017,2025-03-28,21,1,69.8,3,7,5,5,0.023,synthetic
PRJ-017,2025-04-12,21,1,65.7,8,7,8,4,0.01,synthetic
PRJ-017,2025-04-27,21,1,31.3,12,11,5,3,0.01,synthetic
PRJ-017,2025-05-12,21,1,22.2,10,13,2,3,0.01,synthetic
PRJ-017,2025-05-27,21,1,75.4,12,7,7,3,0.059,synthetic
PRJ-017,2025-06-11,21,1,21.6,6,14,7,2,0.085,synthetic
PRJ-017,2025-06-26,21,1,16.3,12,5,2,5,0.091,synthetic
PRJ-017,2025-07-11,21,1,26.4,11,9,5,3,0.023,synthetic
PRJ-017,2025-07-26,21,1,70.4,3,5,4,5,0.012,synthetic
PRJ-017,2025-08-10,21,1,69.9,5,7,2,2,0.01,synthetic
PRJ-017,2025-08-25,21,1,88.5,3,14,2,2,0.01,synthetic
PRJ-019,2024-06-01,22,4,82.5,4,8,7,5,0.024,synthetic
PRJ-019,2024-06-16,23,3,47.8,13,13,4,3,0.01,synthetic
PRJ-019,2024-07-01,23,3,24.2,12,9,8,4,0.01,synthetic
PRJ-019,2024-07-16,24,2,39.2,4,7,9,4,0.021,synthetic
PRJ-019,2024-07-31,25,1,44.1,13,12,4,5,0.01,synthetic
PRJ-019,2024-08-15,25,1,47.2,12,5,5,6,0.025,synthetic
PRJ-019,2024-08-30,25,1,36.0,8,13,6,5,0.038,synthetic
PRJ-019,2024-09-14,25,1,19.5,8,8,6,4,0.056,synthetic
PRJ-019,2024-09-29,25,1,46.4,12,10,6,2,0.01,synthetic
PRJ-019,2024-10-14,25,1,35.5,10,7,4,5,0.01,synthetic
PRJ-019,2024-10-29,25,1,89.1,6,5,6,2,0.01,synthetic
PRJ-019,2024-11-13,25,1,76.1,14,16,4,6,0.034,synthetic
PRJ-019,2024-11-28,25,1,60.6,2,6,9,4,0.063,synthetic
PRJ-019,2024-12-13,25,1,53.7,7,8,3,3,0.036,synthetic
PRJ-019,2024-12-28,25,1,88.7,13,11,9,3,0.089,synthetic
PRJ-019,2025-01-12,25,1,81.7,10,9,6,4,0.139,synthetic
PRJ-019,2025-01-27,25,1,22.6,12,11,8,4,0.169,synthetic
PRJ-019,2025-02-11,25,1,72.3,9,11,6,5,0.169,synthetic
PRJ-019,2025-02-26,25,1,46.1,2,8,5,4,0.149,synthetic
PRJ-019,2025-03-13,25,1,63.0,14,7,9,2,0.162,synthetic
PRJ-019,2025-03-28,25,1,62.8,11,12,3,5,0.225,synthetic
PRJ-019,2025-04-12,25,1,24.3,8,15,9,4,0.229,synthetic
PRJ-019,2025-04-27,25,1,44.3,5,12,8,4,0.22,synthetic
PRJ-019,2025-05-12,25,1,73.3,3,7,4,4,0.175,synthetic
PRJ-019,2025-05-27,25,1,69.1,4,15,4,4,0.214,synthetic
PRJ-019,2025-06-11,25,1,74.7,7,13,9,5,0.193,synthetic
PRJ-019,2025-06-26,25,1,36.1,7,14,2,7,0.151,synthetic
PRJ-019,2025-07-11,25,1,56.9,13,5,3,6,0.117,synthetic
PRJ-019,2025-07-26,25,1,50.5,14,10,7,4,0.14,synthetic
PRJ-019,2025-08-10,25,1,22.9,13,14,7,6,0.11,synthetic
PRJ-019,2025-08-25,25,1,32.6,5,9,7,3,0.12,synthetic
PRJ-021,2024-06-01,44,14,26.2,5,21,12,10,0.06,synthetic
PRJ-021,2024-06-16,44,14,16.3,23,18,12,8,0.06,synthetic
PRJ-021,2024-07-01,45,13,67.8,24,29,13,5,0.056,synthetic
PRJ-021,2024-07-16,45,13,44.9,9,12,7,6,0.023,synthetic
PRJ-021,2024-07-31,47,11,82.6,14,31,16,10,0.032,synthetic
PRJ-021,2024-08-15,50,8,33.2,13,19,8,14,0.032,synthetic
PRJ-021,2024-08-30,51,7,30.3,15,22,5,10,0.03,synthetic
PRJ-021,2024-09-14,52,6,36.9,28,12,13,12,0.028,synthetic
PRJ-021,2024-09-29,53,5,16.4,16,22,13,6,0.01,synthetic
PRJ-021,2024-10-14,55,3,32.5,8,29,9,8,0.036,synthetic
PRJ-021,2024-10-29,55,3,51.4,10,34,20,9,0.048,synthetic
PRJ-021,2024-11-13,56,2,43.2,29,12,15,13,0.07,synthetic
PRJ-021,2024-11-28,56,2,83.2,22,21,11,11,0.067,synthetic
PRJ-021,2024-12-13,56,2,70.6,25,33,17,10,0.062,synthetic
PRJ-021,2024-12-28,56,2,56.2,20,21,7,10,0.051,synthetic
PRJ-021,2025-01-12,56,2,19.9,23,33,16,6,0.038,synthetic
PRJ-021,2025-01-27,56,2,55.1,27,30,10,6,0.04,synthetic
PRJ-021,2025-02-11,56,2,84.9,15,15,6,13,0.017,synthetic
PRJ-021,2025-02-26,56,2,36.9,18,15,9,6,0.035,synthetic
PRJ-021,2025-03-13,56,2,73.2,29,12,12,15,0.039,synthetic
PRJ-021,2025-03-28,56,2,84.4,15,32,11,12,0.059,synthetic
PRJ-021,2025-04-12,56,2,32.1,7,16,7,9,0.056,synthetic
PRJ-021,2025-04-27,56,2,38.2,23,11,18,6,0.107,synthetic
PRJ-021,2025-05-12,56,2,70.5,28,30,15,7,0.138,synthetic
PRJ-021,2025-05-27,56,2,83.0,30,26,14,14,0.144,synthetic
PRJ-021,2025-06-11,56,2,79.3,24,18,15,15,0.158,synthetic
PRJ-021,2025-06-26,56,2,15.6,16,16,15,14,0.174,synthetic
PRJ-021,2025-07-11,56,2,65.6,22,30,9,7,0.162,synthetic
PRJ-021,2025-07-26,56,2,15.4,15,37,19,14,0.171,synthetic
PRJ-021,2025-08-10,56,2,18.2,25,20,7,9,0.183,synthetic
PRJ-021,2025-08-25,56,2,58.4,17,20,21,13,0.198,synthetic
PRJ-023,2024-06-01,54,25,71.3,20,22,11,10,0.087,synthetic
PRJ-023,2024-06-16,52,27,88.9,23,28,7,13,0.091,synthetic
PRJ-023,2024-07-01,54,25,79.5,24,24,8,11,0.083,synthetic
PRJ-023,2024-07-16,56,23,35.7,11,28,17,15,0.082,synthetic
PRJ-023,2024-07-31,55,24,42.6,26,33,11,9,0.066,synthetic
PRJ-023,2024-08-15,56,23,51.3,7,29,11,14,0.096,synthetic
PRJ-023,2024-08-30,58,21,22.8,13,30,16,9,0.098,synthetic
PRJ-023,2024-09-14,57,22,41.2,22,26,15,14,0.121,synthetic
PRJ-023,2024-09-29,57,22,66.9,26,32,6,11,0.104,synthetic
PRJ-023,2024-10-14,57,22,58.7,28,39,19,7,0.098,synthetic
PRJ-023,2024-10-29,60,19,22.4,19,20,13,16,0.108,synthetic
PRJ-023,2024-11-13,59,20,38.9,23,22,7,12,0.123,synthetic
PRJ-023,2024-11-28,60,19,38.0,23,25,23,6,0.121,synthetic
PRJ-023,2024-12-13,60,19,80.4,7,31,18,17,0.118,synthetic
PRJ-023,2024-12-28,63,16,42.3,37,43,6,12,0.127,synthetic
PRJ-023,2025-01-12,65,14,32.0,25,33,20,10,0.128,synthetic
PRJ-023,2025-01-27,64,15,15.4,32,27,19,17,0.124,synthetic
PRJ-023,2025-02-11,68,11,61.6,33,23,7,8,0.134,synthetic
PRJ-023,2025-02-26,69,10,85.5,10,22,21,17,0.138,synthetic
PRJ-023,2025-03-13,70,9,49.5,20,30,7,18,0.153,synthetic
PRJ-023,2025-03-28,69,10,43.7,21,42,17,10,0.151,synthetic
PRJ-023,2025-04-12,72,7,89.5,7,34,23,8,0.158,synthetic
PRJ-023,2025-04-27,74,5,68.4,41,27,19,17,0.191,synthetic
PRJ-023,2025-05-12,75,4,31.4,16,32,16,10,0.181,synthetic
PRJ-023,2025-05-27,77,2,37.5,14,34,19,17,0.184,synthetic
PRJ-023,2025-06-11,77,2,85.8,32,33,30,21,0.175,synthetic
PRJ-023,2025-06-26,77,2,44.8,8,42,22,9,0.185,synthetic
PRJ-023,2025-07-11,75,4,29.9,33,18,23,10,0.164,synthetic
PRJ-023,2025-07-26,75,4,50.5,42,38,18,15,0.153,synthetic
PRJ-023,2025-08-10,77,2,50.2,43,50,19,21,0.143,synthetic
PRJ-023,2025-08-25,77,2,48.2,44,25,30,22,0.133,synthetic
PRJ-025,2024-06-01,24,4,80.5,11,13,4,2,0.049,synthetic
PRJ-025,2024-06-16,25,3,23.0,8,5,9,6,0.057,synthetic
PRJ-025,2024-07-01,26,2,23.8,4,6,7,7,0.073,synthetic
PRJ-025,2024-07-16,27,1,65.5,7,18,3,5,0.071,synthetic
PRJ-025,2024-07-31,27,1,30.9,8,6,3,6,0.055,synthetic
PRJ-025,2024-08-15,27,1,82.7,11,13,6,6,0.072,synthetic
PRJ-025,2024-08-30,26,2,66.3,11,12,8,2,0.101,synthetic
PRJ-025,2024-09-14,27,1,36.2,3,9,4,5,0.088,synthetic
PRJ-025,2024-09-29,27,1,50.3,13,12,3,6,0.107,synthetic
PRJ-025,2024-10-14,27,1,46.4,10,7,7,7,0.103,synthetic
PRJ-025,2024-10-29,27,1,36.7,14,12,9,4,0.167,synthetic
PRJ-025,2024-11-13,27,1,21.7,5,9,7,6,0.192,synthetic
PRJ-025,2024-11-28,27,1,30.0,14,16,8,3,0.163,synthetic
PRJ-025,2024-12-13,27,1,15.1,8,11,8,7,0.173,synthetic
PRJ-025,2024-12-28,27,1,78.2,4,9,6,5,0.155,synthetic
PRJ-025,2025-01-12,27,1,68.6,10,5,5,6,0.145,synthetic
PRJ-025,2025-01-27,27,1,62.2,10,10,4,5,0.156,synthetic
PRJ-025,2025-02-11,27,1,56.2,9,5,6,7,0.112,synthetic
PRJ-025,2025-02-26,27,1,79.2,13,11,4,4,0.069,synthetic
PRJ-025,2025-03-13,27,1,85.7,13,8,7,7,0.01,synthetic
PRJ-025,2025-03-28,27,1,82.4,10,11,5,4,0.013,synthetic
PRJ-025,2025-04-12,27,1,40.7,12,5,9,4,0.01,synthetic
PRJ-025,2025-04-27,27,1,31.4,6,13,10,7,0.01,synthetic
PRJ-025,2025-05-12,27,1,26.5,5,10,3,5,0.037,synthetic
PRJ-025,2025-05-27,27,1,61.0,12,15,9,7,0.036,synthetic
PRJ-025,2025-06-11,27,1,66.4,8,15,6,5,0.071,synthetic
PRJ-025,2025-06-26,27,1,88.8,15,16,4,7,0.041,synthetic
PRJ-025,2025-07-11,27,1,89.3,15,8,8,3,0.045,synthetic
PRJ-025,2025-07-26,27,1,52.2,15,10,4,4,0.036,synthetic
PRJ-025,2025-08-10,27,1,26.0,3,16,8,7,0.029,synthetic
PRJ-025,2025-08-25,27,1,32.9,12,12,10,3,0.041,synthetic
PRJ-027,2024-06-01,11,10,40.7,1,4,1,2,0.137,synthetic
PRJ-027,2024-06-16,10,11,59.2,4,6,1,1,0.116,synthetic
PRJ-027,2024-07-01,9,12,71.6,1,3,1,2,0.124,synthetic
PRJ-027,2024-07-16,8,13,26.7,4,3,1,2,0.089,synthetic
PRJ-027,2024-07-31,7,14,44.4,2,2,1,0,0.136,synthetic
PRJ-027,2024-08-15,6,15,64.4,2,3,1,1,0.117,synthetic
PRJ-027,2024-08-30,4,17,74.6,1,2,1,0,0.11,synthetic
PRJ-027,2024-09-14,3,18,76.6,1,1,0,0,0.097,synthetic
PRJ-027,2024-09-29,2,19,23.5,0,0,0,0,0.105,synthetic
PRJ-027,2024-10-14,1,20,52.0,0,0,0,0,0.143,synthetic
PRJ-027,2024-10-29,1,20,55.6,0,0,0,0,0.155,synthetic
PRJ-027,2024-11-13,1,20,38.6,0,0,0,0,0.164,synthetic
PRJ-027,2024-11-28,1,20,58.0,0,0,0,0,0.17,synthetic
PRJ-027,2024-12-13,1,20,79.0,0,0,0,0,0.172,synthetic
PRJ-027,2024-12-28,1,20,60.7,0,0,0,0,0.161,synthetic
PRJ-027,2025-01-12,1,20,17.9,0,0,0,0,0.17,synthetic
PRJ-027,2025-01-27,1,20,48.6,0,0,0,0,0.169,synthetic
PRJ-027,2025-02-11,1,20,43.5,0,0,0,0,0.162,synthetic
PRJ-027,2025-02-26,1,20,47.1,0,0,0,0,0.181,synthetic
PRJ-027,2025-03-13,1,20,44.0,0,0,0,0,0.178,synthetic
PRJ-027,2025-03-28,1,20,73.0,0,0,0,0,0.184,synthetic
PRJ-027,2025-04-12,1,20,61.4,0,0,0,0,0.181,synthetic
PRJ-027,2025-04-27,1,20,65.1,0,0,0,0,0.195,synthetic
PRJ-027,2025-05-12,1,20,63.6,0,0,0,0,0.213,synthetic
PRJ-027,2025-05-27,1,20,56.3,0,0,0,0,0.216,synthetic
PRJ-027,2025-06-11,1,20,69.9,0,0,0,0,0.236,synthetic
PRJ-027,2025-06-26,1,20,61.5,0,0,0,0,0.203,synthetic
PRJ-027,2025-07-11,1,20,77.9,0,0,0,0,0.211,synthetic
PRJ-027,2025-07-26,1,20,23.1,0,0,0,0,0.221,synthetic
PRJ-027,2025-08-10,1,20,77.2,0,0,0,0,0.199,synthetic
PRJ-027,2025-08-25,1,20,29.0,0,0,0,0,0.217,synthetic
PRJ-029,2024-06-01,68,11,61.7,28,15,23,13,0.085,synthetic
PRJ-029,2024-06-16,70,9,86.4,14,34,22,13,0.098,synthetic
PRJ-029,2024-07-01,72,7,51.5,42,31,13,15,0.103,synthetic
PRJ-029,2024-07-16,73,6,45.7,20,31,8,11,0.082,synthetic
PRJ-029,2024-07-31,74,5,66.1,26,19,12,21,0.092,synthetic
PRJ-029,2024-08-15,75,4,52.0,21,48,24,19,0.14,synthetic
PRJ-029,2024-08-30,77,2,75.9,18,19,8,15,0.134,synthetic
PRJ-029,2024-09-14,77,2,56.2,20,27,22,18,0.104,synthetic
PRJ-029,2024-09-29,77,2,18.8,34,29,10,8,0.081,synthetic
PRJ-029,2024-10-14,77,2,69.1,34,31,14,11,0.15,synthetic
PRJ-029,2024-10-29,77,2,38.8,34,53,29,22,0.092,synthetic
PRJ-029,2024-11-13,77,2,20.9,11,27,10,8,0.074,synthetic
PRJ-029,2024-11-28,77,2,39.5,16,43,14,10,0.074,synthetic
PRJ-029,2024-12-13,77,2,19.7,10,47,29,22,0.1,synthetic
PRJ-029,2024-12-28,77,2,24.2,44,20,29,10,0.123,synthetic
PRJ-029,2025-01-12,77,2,21.1,39,48,19,8,0.106,synthetic
PRJ-029,2025-01-27,77,2,57.7,12,37,20,21,0.108,synthetic
PRJ-029,2025-02-11,77,2,38.2,17,38,15,10,0.104,synthetic
PRJ-029,2025-02-26,77,2,17.0,30,51,30,15,0.123,synthetic
PRJ-029,2025-03-13,77,2,21.6,36,30,15,10,0.118,synthetic
PRJ-029,2025-03-28,77,2,30.7,35,50,29,8,0.153,synthetic
PRJ-029,2025-04-12,77,2,35.6,13,16,27,12,0.181,synthetic
PRJ-029,2025-04-27,76,3,21.2,17,29,25,16,0.172,synthetic
PRJ-029,2025-05-12,77,2,18.8,22,29,14,11,0.208,synthetic
PRJ-029,2025-05-27,77,2,60.8,24,36,22,8,0.156,synthetic
PRJ-029,2025-06-11,77,2,62.2,30,38,26,18,0.197,synthetic
PRJ-029,2025-06-26,77,2,85.3,16,36,13,15,0.177,synthetic
PRJ-029,2025-07-11,77,2,87.6,13,43,24,8,0.216,synthetic
PRJ-029,2025-07-26,76,3,88.5,10,31,12,20,0.189,synthetic
PRJ-029,2025-08-10,77,2,31.2,17,36,19,17,0.164,synthetic
PRJ-029,2025-08-25,77,2,48.3,9,47,24,15,0.122,synthetic
