project_id,parcel_id
PRJ-001,PCL-478A5E15
PRJ-001,PCL-16B80E95
PRJ-001,PCL-6172EB1D
PRJ-001,PCL-D20A6003
PRJ-001,PCL-2545E1FA
PRJ-001,PCL-433F9D13
PRJ-001,PCL-D3DD29A3
PRJ-001,PCL-1DED8285
PRJ-001,PCL-384AB48E
PRJ-001,PCL-C5969CE4
PRJ-001,PCL-68BC5B70
PRJ-001,PCL-6ABCDEAC
PRJ-001,PCL-E099DF44
PRJ-001,PCL-F5EC4A39
PRJ-001,PCL-CC675D42
PRJ-001,PCL-E6F86E02
PRJ-001,PCL-F7865182
PRJ-001,PCL-CDE105B5
PRJ-001,PCL-59E5D5C5
PRJ-001,PCL-AF014EAC
PRJ-001,PCL-AF28FC5A
PRJ-001,PCL-9370DE1B
PRJ-001,PCL-F6606B58
PRJ-001,PCL-FACB8308
PRJ-001,PCL-A1223E23
PRJ-001,PCL-98CAA5FA
PRJ-001,PCL-08E8E283
PRJ-001,PCL-D863F07F
PRJ-001,PCL-8437B3A1
PRJ-001,PCL-50D889F4
PRJ-001,PCL-04A141FA
PRJ-001,PCL-4BF22348
PRJ-001,PCL-85ED9B4E
PRJ-001,PCL-268F1F65
PRJ-001,PCL-D86AFB9C
PRJ-001,PCL-FEAFDC05
PRJ-001,PCL-544DE2D8
PRJ-001,PCL-6F2D780C
PRJ-001,PCL-B30BBE20
PRJ-001,PCL-3351F300
PRJ-001,PCL-42E866A4
PRJ-001,PCL-0F8B8BCD
PRJ-001,PCL-C2888411
PRJ-001,PCL-0A655888
PRJ-001,PCL-C6B6FCC4
PRJ-001,PCL-FDAC518A
PRJ-001,PCL-4E02F90E
PRJ-001,PCL-E63E6F7B
PRJ-001,PCL-570F64B1
PRJ-003,PCL-F64F8A97
PRJ-003,PCL-DE7CD4CF
PRJ-003,PCL-F47F5E11
PRJ-003,PCL-3EF56509
PRJ-003,PCL-14B1802B
PRJ-003,PCL-9FA8D992
PRJ-003,PCL-ECBEFC6C
PRJ-003,PCL-DF87F07E
PRJ-003,PCL-24185359
PRJ-003,PCL-B0AFE908
PRJ-003,PCL-D89364C3
PRJ-003,PCL-4FADD7DD
PRJ-003,PCL-C3994EF3
PRJ-003,PCL-3503038A
PRJ-003,PCL-938884FB
PRJ-003,PCL-8C9B3239
PRJ-003,PCL-E7E50417
PRJ-003,PCL-14575A58
PRJ-003,PCL-1DC5205B
PRJ-003,PCL-129A9C88
PRJ-003,PCL-85B41F80
PRJ-003,PCL-DA259B33
PRJ-003,PCL-499C3CB9
PRJ-003,PCL-C2DE6A21
PRJ-003,PCL-0BB79A21
PRJ-003,PCL-7F539EDA
PRJ-003,PCL-B45C6FA6
PRJ-003,PCL-6C872F28
PRJ-003,PCL-106E7493
PRJ-003,PCL-0F84A120
PRJ-003,PCL-E89046EE
PRJ-003,PCL-D1D220CE
PRJ-003,PCL-15173601
PRJ-003,PCL-C3FE980F
PRJ-003,PCL-641AAD6E
PRJ-003,PCL-C517204A
PRJ-003,PCL-2EF0EE05
PRJ-003,PCL-F2C52A1D
PRJ-003,PCL-FF7F422A
PRJ-003,PCL-097A2F86
PRJ-003,PCL-8C1ED904
PRJ-003,PCL-F447DE4C
PRJ-003,PCL-9E3CB5E6
PRJ-003,PCL-D9FD6633
PRJ-003,PCL-6EF7C14E
PRJ-003,PCL-DEA8ED12
PRJ-003,PCL-EE1272AB
PRJ-003,PCL-B970EB7D
PRJ-003,PCL-46135B99
PRJ-003,PCL-76DCDB12
PRJ-003,PCL-C47373CD
PRJ-003,PCL-203FED36
PRJ-003,PCL-82BB01E0
PRJ-003,PCL-FAB9FDA1
PRJ-003,PCL-D2F68374
PRJ-003,PCL-E41CCD38
PRJ-003,PCL-7AA859A1
PRJ-003,PCL-51857076
PRJ-003,PCL-3D813186
PRJ-003,PCL-25399CFD
PRJ-003,PCL-67A47EF0
PRJ-003,PCL-3AB06929
PRJ-003,PCL-F9179A23
PRJ-003,PCL-129DCD91
PRJ-003,PCL-52D751A8
PRJ-003,PCL-C6F66CD9
PRJ-003,PCL-71C4C202
PRJ-003,PCL-3D30B0C3
PRJ-003,PCL-7AA71223
PRJ-003,PCL-1A985AD8
PRJ-003,PCL-DD079ED0
PRJ-003,PCL-6BF634B7
PRJ-003,PCL-EAC1C0EC
PRJ-003,PCL-9A8AAC77
PRJ-003,PCL-0633E19A
PRJ-003,PCL-6EA45ED5
PRJ-003,PCL-2BF25EF4
PRJ-003,PCL-17B11F0F
PRJ-003,PCL-62C251AB
PRJ-003,PCL-C3C88341
PRJ-003,PCL-98EBD11B
PRJ-003,PCL-1BC5ABC8
PRJ-003,PCL-E803D9BE
PRJ-005,PCL-E71C9DB2
PRJ-005,PCL-176B137B
PRJ-005,PCL-953C1262
PRJ-005,PCL-E6F8D01D
PRJ-005,PCL-E52FA465
PRJ-005,PCL-912088F3
PRJ-005,PCL-BDE74633
PRJ-005,PCL-6A71C818
PRJ-005,PCL-7CB89A58
PRJ-005,PCL-13E89CCF
PRJ-005,PCL-D8EDC4A1
PRJ-005,PCL-769188DF
PRJ-005,PCL-E1560A2D
PRJ-005,PCL-3CBD9975
PRJ-005,PCL-8C9A31F9
PRJ-005,PCL-0363277B
PRJ-005,PCL-4A170E2B
PRJ-005,PCL-0F21DB29
PRJ-005,PCL-FC29730D
PRJ-005,PCL-AB8F7060
PRJ-005,PCL-979B0118
PRJ-005,PCL-A00D8729
PRJ-005,PCL-864E275D
PRJ-005,PCL-3AC9BB48
PRJ-005,PCL-739FFCCD
PRJ-005,PCL-439CECB9
PRJ-005,PCL-6989905B
PRJ-005,PCL-022CB7FE
PRJ-005,PCL-CCFBB8D2
PRJ-005,PCL-8B31EB7F
PRJ-005,PCL-B8CED11A
PRJ-005,PCL-FB0BFA8A
PRJ-005,PCL-4469A3A5
PRJ-005,PCL-068EB6AC
PRJ-005,PCL-B13AE025
PRJ-005,PCL-FEAB1B0B
PRJ-005,PCL-B073B6CC
PRJ-005,PCL-3624AC0A
PRJ-005,PCL-C5199A02
PRJ-005,PCL-EC199E75
PRJ-005,PCL-2F8498B2
PRJ-005,PCL-758153DD
PRJ-005,PCL-21818D1D
PRJ-005,PCL-90C31C2F
PRJ-005,PCL-7DA48DC8
PRJ-005,PCL-E999DE55
PRJ-005,PCL-8D6CD67E
PRJ-005,PCL-3B5E96D1
PRJ-005,PCL-12140738
PRJ-005,PCL-AA3C4509
PRJ-005,PCL-8AC8C6E9
PRJ-005,PCL-13451473
PRJ-007,PCL-4F2FFA60
PRJ-007,PCL-237DD072
PRJ-007,PCL-35FB8A4C
PRJ-007,PCL-90532C53
PRJ-007,PCL-CB395411
PRJ-007,PCL-3BBE4093
PRJ-007,PCL-A0A88EFC
PRJ-007,PCL-EFE64EC3
PRJ-007,PCL-DAA42B5E
PRJ-007,PCL-0A180E7C
PRJ-007,PCL-6CF8C4D8
PRJ-007,PCL-C6C8A3C3
PRJ-007,PCL-C57288AE
PRJ-007,PCL-19D61237
PRJ-007,PCL-D9A0F4C2
PRJ-007,PCL-E8927D0F
PRJ-007,PCL-EB617C1B
PRJ-007,PCL-59A6F3EE
PRJ-007,PCL-5D6B95EF
PRJ-007,PCL-967CADE3
PRJ-007,PCL-CFFBAD5E
PRJ-007,PCL-8199BCDC
PRJ-007,PCL-9B2BFC9A
PRJ-007,PCL-46C58585
PRJ-007,PCL-6E65E848
PRJ-007,PCL-8905AD85
PRJ-007,PCL-7E60E7A4
PRJ-007,PCL-B8FB7FBC
PRJ-007,PCL-C60ABF3B
PRJ-007,PCL-AB9FE0A9
PRJ-007,PCL-B3BF3D2F
PRJ-007,PCL-DE36119E
PRJ-009,PCL-DE07BC27
PRJ-009,PCL-93DA8633
PRJ-009,PCL-F51B76CB
PRJ-009,PCL-345EF369
PRJ-009,PCL-7F1A3E7E
PRJ-009,PCL-173EFE2F
PRJ-009,PCL-156CFE22
PRJ-009,PCL-D2ACD24E
PRJ-009,PCL-14D73A6A
PRJ-009,PCL-4FFE3C88
PRJ-009,PCL-7EAEC4C5
PRJ-009,PCL-B3E88C24
PRJ-009,PCL-E1385401
PRJ-009,PCL-13F9FB9B
PRJ-009,PCL-0A0C5266
PRJ-009,PCL-DFC95F12
PRJ-009,PCL-29B1D943
PRJ-009,PCL-097DD606
PRJ-009,PCL-C4F60CBC
PRJ-009,PCL-DB7696B8
PRJ-009,PCL-DDA4DBB8
PRJ-009,PCL-00BBB909
PRJ-009,PCL-E23DEFE7
PRJ-009,PCL-DADA7FA9
PRJ-009,PCL-97DA2606
PRJ-009,PCL-3A541E84
PRJ-009,PCL-F85E3FAF
PRJ-009,PCL-3E8022FE
PRJ-009,PCL-C185C3EB
PRJ-009,PCL-1FCC992A
PRJ-009,PCL-2C44C14B
PRJ-009,PCL-DB24250C
PRJ-009,PCL-003034CE
PRJ-009,PCL-3FBF1F32
PRJ-009,PCL-36641D2A
PRJ-009,PCL-A027BF94
PRJ-009,PCL-975DF8B5
PRJ-009,PCL-01055E65
PRJ-009,PCL-92B49004
PRJ-009,PCL-11CF98D3
PRJ-009,PCL-C0108DA0
PRJ-009,PCL-B2832E0A
PRJ-009,PCL-B5415B0B
PRJ-009,PCL-76508B5B
PRJ-009,PCL-4D1F19B7
PRJ-009,PCL-155DDB2C
PRJ-009,PCL-06A12170
PRJ-009,PCL-6D683C40
PRJ-009,PCL-EE0075FF
PRJ-009,PCL-FA37EC2C
PRJ-009,PCL-891138AB
PRJ-009,PCL-E9F305BB
PRJ-009,PCL-E2B21FE0
PRJ-009,PCL-B73C8116
PRJ-009,PCL-71B86EEA
PRJ-009,PCL-475DD3AF
PRJ-009,PCL-C6B74174
PRJ-009,PCL-044BC0DB
PRJ-009,PCL-89659C97
PRJ-009,PCL-B8B3FAFB
PRJ-009,PCL-52FCDA98
PRJ-009,PCL-56B59E70
PRJ-009,PCL-407E484D
PRJ-009,PCL-66514CC9
PRJ-009,PCL-FA293AB7
PRJ-009,PCL-FAC0BECA
PRJ-009,PCL-8816C774
PRJ-009,PCL-602B02F6
PRJ-011,PCL-40B88729
PRJ-011,PCL-5454A992
PRJ-011,PCL-81D5C63C
PRJ-011,PCL-4A67198A
PRJ-011,PCL-58F3CCD1
PRJ-011,PCL-ADE59C01
PRJ-011,PCL-A59E6875
PRJ-011,PCL-A958A837
PRJ-011,PCL-5F0FDDE8
PRJ-011,PCL-91D8D99B
PRJ-011,PCL-88EA0495
PRJ-011,PCL-521B2CC0
PRJ-011,PCL-08DF24A8
PRJ-011,PCL-C44325E4
PRJ-011,PCL-FCF80CDC
PRJ-011,PCL-DFB64283
PRJ-011,PCL-DBAB655B
PRJ-011,PCL-A7FFCF4F
PRJ-011,PCL-ABD3F5E8
PRJ-011,PCL-4651E9A2
PRJ-011,PCL-41841544
PRJ-011,PCL-7B937555
PRJ-011,PCL-751EE0E4
PRJ-011,PCL-803F0880
PRJ-011,PCL-383AA74F
PRJ-011,PCL-28D55200
PRJ-011,PCL-30AF5AC9
PRJ-011,PCL-1604BCD9
PRJ-011,PCL-3B191FAB
PRJ-011,PCL-6778EEC8
PRJ-011,PCL-170E7048
PRJ-011,PCL-E2A704D5
PRJ-011,PCL-83149894
PRJ-011,PCL-2451C40D
PRJ-011,PCL-5B99B6C9
PRJ-011,PCL-0F42CA5F
PRJ-011,PCL-6856421F
PRJ-011,PCL-92FE4A78
PRJ-011,PCL-3CE01EDC
PRJ-013,PCL-D225D2A2
PRJ-013,PCL-4311AA57
PRJ-013,PCL-06224F7C
PRJ-013,PCL-9EBFC7FB
PRJ-013,PCL-D2F4C25A
PRJ-013,PCL-AA099E19
PRJ-013,PCL-CB03366C
PRJ-013,PCL-04CC0373
PRJ-013,PCL-2CDA4156
PRJ-013,PCL-DDA0BE06
PRJ-013,PCL-169B69CE
PRJ-013,PCL-A723A042
PRJ-013,PCL-9C8A6011
PRJ-013,PCL-4B709D48
PRJ-013,PCL-B4C2B1B4
PRJ-013,PCL-880E5DB4
PRJ-013,PCL-30401354
PRJ-013,PCL-D22B92D0
PRJ-013,PCL-E7B9FA6C
PRJ-013,PCL-9F5FB081
PRJ-013,PCL-B5248683
PRJ-013,PCL-62905FBB
PRJ-013,PCL-F53F8B1B
PRJ-013,PCL-AE84895F
PRJ-013,PCL-11F57F58
PRJ-013,PCL-5191E5B8
PRJ-013,PCL-487ADC81
PRJ-013,PCL-51AAC500
PRJ-013,PCL-73EF0AE6
PRJ-013,PCL-00EDE25B
PRJ-013,PCL-61C595FF
PRJ-013,PCL-0EBC2398
PRJ-013,PCL-CDF088D8
PRJ-013,PCL-BE93325C
PRJ-013,PCL-E57C988B
PRJ-013,PCL-32D7E98F
PRJ-013,PCL-FD73A330
PRJ-013,PCL-4D010A0F
PRJ-013,PCL-29161BEE
PRJ-013,PCL-31CDBD28
PRJ-013,PCL-4C596B68
PRJ-013,PCL-3A5451B9
PRJ-013,PCL-4B433027
PRJ-013,PCL-ABB0185F
PRJ-013,PCL-E3C8EFE8
PRJ-013,PCL-52D9F3BE
PRJ-013,PCL-BF9429FF
PRJ-013,PCL-D500E90F
PRJ-013,PCL-978B204A
PRJ-013,PCL-2E790013
PRJ-013,PCL-9144900E
PRJ-013,PCL-D1235EDF
PRJ-013,PCL-55EC179C
PRJ-013,PCL-9036801B
PRJ-013,PCL-6E297102
PRJ-013,PCL-C6946601
PRJ-013,PCL-77BB821E
PRJ-013,PCL-AC4167D6
PRJ-013,PCL-F84ABEB0
PRJ-013,PCL-2A131EF6
PRJ-013,PCL-FAA861C7
PRJ-013,PCL-AE3FF34C
PRJ-013,PCL-E6D91700
PRJ-013,PCL-22CE04F7
PRJ-013,PCL-D1A68DEC
PRJ-013,PCL-048EEE08
PRJ-013,PCL-A8FC38DF
PRJ-013,PCL-C35C89B2
PRJ-013,PCL-AA454A9C
PRJ-013,PCL-787AC3B7
PRJ-013,PCL-A935E774
PRJ-013,PCL-EDBC76FD
PRJ-013,PCL-F91BA288
PRJ-013,PCL-33ECFD83
PRJ-013,PCL-64FD76EB
PRJ-013,PCL-5DD7C164
PRJ-013,PCL-67BEEB42
PRJ-013,PCL-4BD353FE
PRJ-013,PCL-CF39BFCD
PRJ-013,PCL-D1331239
PRJ-013,PCL-19F9B70B
PRJ-013,PCL-BFEB753A
PRJ-013,PCL-60F16041
PRJ-013,PCL-92D4CABB
PRJ-013,PCL-D4155F45
PRJ-013,PCL-61CD76AF
PRJ-013,PCL-C1373AA8
PRJ-013,PCL-CA49F819
PRJ-013,PCL-C8B404B8
PRJ-013,PCL-3DCE3645
PRJ-013,PCL-CEBB6314
PRJ-013,PCL-11EA654C
PRJ-013,PCL-057790C7
PRJ-013,PCL-DF36103C
PRJ-013,PCL-06600B97
PRJ-013,PCL-0DF5EDC5
PRJ-013,PCL-969DEEEB
PRJ-013,PCL-6F8D5775
PRJ-015,PCL-8FB2D015
PRJ-015,PCL-16B0BF86
PRJ-015,PCL-7BE86239
PRJ-015,PCL-E64E0226
PRJ-015,PCL-BD09538E
PRJ-015,PCL-19A05DA3
PRJ-015,PCL-207793FC
PRJ-015,PCL-F2D365AA
PRJ-015,PCL-56441DE5
PRJ-015,PCL-71ED39D8
PRJ-015,PCL-4912D992
PRJ-015,PCL-68D7695B
PRJ-015,PCL-7AD2E7F2
PRJ-015,PCL-C1AD2E1F
PRJ-015,PCL-BB5E4957
PRJ-015,PCL-BEA70B4E
PRJ-015,PCL-D5E201F9
PRJ-015,PCL-8AFA3581
PRJ-015,PCL-30984175
PRJ-015,PCL-3C67DE25
PRJ-015,PCL-8F33FB1D
PRJ-015,PCL-1C7FCD94
PRJ-015,PCL-DB38EB51
PRJ-015,PCL-777E6CBB
PRJ-015,PCL-A8C249AB
PRJ-015,PCL-E86AB94C
PRJ-015,PCL-88606C09
PRJ-015,PCL-6B8BAAF0
PRJ-015,PCL-CB44F25C
PRJ-015,PCL-D926CA05
PRJ-015,PCL-1DBA5BE1
PRJ-015,PCL-3C9FC23F
PRJ-015,PCL-59F92A7F
PRJ-015,PCL-63E88CA0
PRJ-015,PCL-3085CC3D
PRJ-015,PCL-A84D0452
PRJ-015,PCL-373A9667
PRJ-015,PCL-A44764C9
PRJ-015,PCL-595E704E
PRJ-015,PCL-F487EC21
PRJ-015,PCL-7DEFD407
PRJ-015,PCL-5392F196
PRJ-015,PCL-0760F7F6
PRJ-015,PCL-EC944DF1
PRJ-015,PCL-7B3E1A6E
PRJ-015,PCL-E0C682AE
PRJ-015,PCL-AE6D7F2E
PRJ-015,PCL-7B759EC6
PRJ-015,PCL-4C18538E
PRJ-015,PCL-0C6D1D9C
PRJ-015,PCL-D2411973
PRJ-015,PCL-89F99B8F
PRJ-015,PCL-88F374F4
PRJ-015,PCL-96C5D3A7
PRJ-015,PCL-0700E5A6
PRJ-015,PCL-58846226
PRJ-015,PCL-D153E0A2
PRJ-015,PCL-2622D950
PRJ-015,PCL-9780C4EC
PRJ-015,PCL-7DF4AF8B
PRJ-015,PCL-CAECBF58
PRJ-015,PCL-39D4E380
PRJ-015,PCL-7F9BF109
PRJ-015,PCL-02DE0A53
PRJ-015,PCL-C5680A03
PRJ-015,PCL-E3598DD8
PRJ-015,PCL-502BD476
PRJ-015,PCL-A0AD696A
PRJ-015,PCL-FA25B0A9
PRJ-015,PCL-BBD086C9
PRJ-015,PCL-991392A7
PRJ-015,PCL-D4B8CF03
PRJ-015,PCL-0BF569F6
PRJ-015,PCL-A4AE6C5C
PRJ-017,PCL-767874AF
PRJ-017,PCL-6ED664EC
PRJ-017,PCL-544DAE41
PRJ-017,PCL-F9F87815
PRJ-017,PCL-166DFBCC
PRJ-017,PCL-90C17C5A
PRJ-017,PCL-CF926C38
PRJ-017,PCL-DEE65572
PRJ-017,PCL-21407FE4
PRJ-017,PCL-BA1864CB
PRJ-017,PCL-C39EF002
PRJ-017,PCL-C2BC146B
PRJ-017,PCL-3031DF8E
PRJ-017,PCL-A7113D8F
PRJ-017,PCL-E055F4D8
PRJ-017,PCL-790B1DF8
PRJ-017,PCL-B4882303
PRJ-017,PCL-CD4EEABB
PRJ-017,PCL-84E01CF3
PRJ-017,PCL-333B4F4A
PRJ-017,PCL-D4CC0603
PRJ-017,PCL-0FF14384
PRJ-019,PCL-A98A17C6
PRJ-019,PCL-ADC5CACB
PRJ-019,PCL-CD3AF45F
PRJ-019,PCL-26540EC1
PRJ-019,PCL-6F7306D5
PRJ-019,PCL-87E46F40
PRJ-019,PCL-6D2B81EF
PRJ-019,PCL-F0ECB5D1
PRJ-019,PCL-FC808BD7
PRJ-019,PCL-BA4D8E07
PRJ-019,PCL-1B7D72C4
PRJ-019,PCL-1A14B501
PRJ-019,PCL-6675770A
PRJ-019,PCL-86F479F3
PRJ-019,PCL-7A13A671
PRJ-019,PCL-7A5F76A2
PRJ-019,PCL-FBCD234B
PRJ-019,PCL-AC70DA24
PRJ-019,PCL-BE7C6E49
PRJ-019,PCL-7403C54B
PRJ-019,PCL-4E558432
PRJ-019,PCL-542657E8
PRJ-019,PCL-933ED8DE
PRJ-019,PCL-B14B24A8
PRJ-019,PCL-904F878E
PRJ-019,PCL-0330ACD6
PRJ-021,PCL-795DD766
PRJ-021,PCL-5C4419A5
PRJ-021,PCL-40B0DFF6
PRJ-021,PCL-B0CBC4D9
PRJ-021,PCL-60A0311F
PRJ-021,PCL-49FD5471
PRJ-021,PCL-43980D42
PRJ-021,PCL-36450E30
PRJ-021,PCL-8C66377E
PRJ-021,PCL-D8A5A17E
PRJ-021,PCL-76E616AD
PRJ-021,PCL-C5AC01D8
PRJ-021,PCL-3C9AC27E
PRJ-021,PCL-309D69AD
PRJ-021,PCL-22A85DE4
PRJ-021,PCL-E3A038A4
PRJ-021,PCL-CD3B0CDD
PRJ-021,PCL-8677B61D
PRJ-021,PCL-DCD9F7BA
PRJ-021,PCL-6BFCABFD
PRJ-021,PCL-3AFD3620
PRJ-021,PCL-2860614F
PRJ-021,PCL-A3E0A657
PRJ-021,PCL-39BAD1C7
PRJ-021,PCL-52F051AA
PRJ-021,PCL-B20AD6AE
PRJ-021,PCL-ECD3930A
PRJ-021,PCL-659353DC
PRJ-021,PCL-CEE67DC0
PRJ-021,PCL-74C8E1B3
PRJ-021,PCL-96804757
PRJ-021,PCL-74F66A96
PRJ-021,PCL-31A393B6
PRJ-021,PCL-E8359BBE
PRJ-021,PCL-E31DF820
PRJ-021,PCL-A9B256A2
PRJ-021,PCL-1865FBB7
PRJ-021,PCL-983DBC9B
PRJ-021,PCL-9A52887A
PRJ-021,PCL-5C787127
PRJ-021,PCL-C8C47E7E
PRJ-021,PCL-8E417A0E
PRJ-021,PCL-002C1578
PRJ-021,PCL-C004170D
PRJ-021,PCL-E6E68A59
PRJ-021,PCL-8F036EC9
PRJ-021,PCL-C12D8E6F
PRJ-021,PCL-A06D5451
PRJ-021,PCL-92E82DBC
PRJ-021,PCL-966E5FFA
PRJ-021,PCL-81DAE245
PRJ-021,PCL-DE0261D0
PRJ-021,PCL-EFA59B20
PRJ-021,PCL-F24A3094
PRJ-021,PCL-44035E12
PRJ-021,PCL-CDF7B8E7
PRJ-021,PCL-C45001B2
PRJ-021,PCL-CB573EF6
PRJ-023,PCL-94A43246
PRJ-023,PCL-9C219FDA
PRJ-023,PCL-925D364C
PRJ-023,PCL-6C5070CE
PRJ-023,PCL-9403F5F5
PRJ-023,PCL-3D82693A
PRJ-023,PCL-F8184D1A
PRJ-023,PCL-1D03CD95
PRJ-023,PCL-851F48EB
PRJ-023,PCL-327761EC
PRJ-023,PCL-5D796F2E
PRJ-023,PCL-28FBBF1A
PRJ-023,PCL-51561336
PRJ-023,PCL-64D674CE
PRJ-023,PCL-02B5E54E
PRJ-023,PCL-382AA324
PRJ-023,PCL-D1AEF3B4
PRJ-023,PCL-9699EE30
PRJ-023,PCL-6058ADBF
PRJ-023,PCL-9D30CBFD
PRJ-023,PCL-D52B6F40
PRJ-023,PCL-D8479AB4
PRJ-023,PCL-DFC95FCD
PRJ-023,PCL-B426947E
PRJ-023,PCL-396D5B3D
PRJ-023,PCL-D2BE4CB7
PRJ-023,PCL-3B89D4DF
PRJ-023,PCL-5805F43D
PRJ-023,PCL-88C9B555
PRJ-023,PCL-CD5D1D51
PRJ-023,PCL-E1C9086E
PRJ-023,PCL-13BDDE96
PRJ-023,PCL-3D135F80
PRJ-023,PCL-C739F0B0
PRJ-023,PCL-F2D6B12F
PRJ-023,PCL-041BD62F
PRJ-023,PCL-4257D4F6
PRJ-023,PCL-C648D0D5
PRJ-023,PCL-DEF0D46B
PRJ-023,PCL-3438924F
PRJ-023,PCL-D4F8D8C8
PRJ-023,PCL-0706A772
PRJ-023,PCL-86D0DEB5
PRJ-023,PCL-1D91F846
PRJ-023,PCL-B03AFE0B
PRJ-023,PCL-350C325C
PRJ-023,PCL-4609ADDD
PRJ-023,PCL-7E91AA05
PRJ-023,PCL-F55595C9
PRJ-023,PCL-5F1A43D3
PRJ-023,PCL-AE6E8E6E
PRJ-023,PCL-F94A9341
PRJ-023,PCL-191E6986
PRJ-023,PCL-F8F1E557
PRJ-023,PCL-986C9E36
PRJ-023,PCL-55E136B4
PRJ-023,PCL-10DBF347
PRJ-023,PCL-EDE1F7C8
PRJ-023,PCL-2828F69F
PRJ-023,PCL-64948C12
PRJ-023,PCL-230A72D3
PRJ-023,PCL-E316A5B9
PRJ-023,PCL-512680F9
PRJ-023,PCL-7BF14C81
PRJ-023,PCL-4B767932
PRJ-023,PCL-C92E1B47
PRJ-023,PCL-957E4EAB
PRJ-023,PCL-981B221C
PRJ-023,PCL-9B941E28
PRJ-023,PCL-8CF56B8C
PRJ-023,PCL-9A4A3EBD
PRJ-023,PCL-0A5F8E8F
PRJ-023,PCL-F7B8DADB
PRJ-023,PCL-25C2D4FF
PRJ-023,PCL-1AE3D51E
PRJ-023,PCL-9452F78C
PRJ-023,PCL-BD824916
PRJ-023,PCL-79A1EE2F
PRJ-023,PCL-4A2FD836
PRJ-025,PCL-6283482E
PRJ-025,PCL-F31EEF30
PRJ-025,PCL-43543070
PRJ-025,PCL-15B98D3F
PRJ-025,PCL-0361478D
PRJ-025,PCL-F8196867
PRJ-025,PCL-0E552CF8
PRJ-025,PCL-3EAB9E45
PRJ-025,PCL-A5E4718C
PRJ-025,PCL-96F1E230
PRJ-025,PCL-78E22FCE
PRJ-025,PCL-56E94BB1
PRJ-025,PCL-2C42721E
PRJ-025,PCL-763E7B48
PRJ-025,PCL-97C8E79E
PRJ-025,PCL-4773B1BB
PRJ-025,PCL-701CB8D3
PRJ-025,PCL-E55ABF2A
PRJ-025,PCL-A4EB2471
PRJ-025,PCL-09500D3E
PRJ-025,PCL-B0A77914
PRJ-025,PCL-C98C9C14
PRJ-025,PCL-7A99ED7C
PRJ-025,PCL-E27D5543
PRJ-025,PCL-09EF2FF1
PRJ-025,PCL-CC0EB917
PRJ-025,PCL-EB8D45D1
PRJ-025,PCL-E079ED22
PRJ-027,PCL-AB5ED668
PRJ-027,PCL-167E7EF0
PRJ-027,PCL-4C9ECA41
PRJ-027,PCL-11E22180
PRJ-027,PCL-1A1685C8
PRJ-027,PCL-CE189D9B
PRJ-027,PCL-04C566E8
PRJ-027,PCL-D5D3D6A7
PRJ-027,PCL-1973472C
PRJ-027,PCL-8E514416
PRJ-027,PCL-2D500091
PRJ-027,PCL-6E9120B6
PRJ-027,PCL-818A5D55
PRJ-027,PCL-8E1E058E
PRJ-027,PCL-CBD77EDA
PRJ-027,PCL-742F798C
PRJ-027,PCL-3ADFCB43
PRJ-027,PCL-94562D6D
PRJ-027,PCL-F189EDB7
PRJ-027,PCL-5788F4FD
PRJ-027,PCL-13DCD9F2
PRJ-029,PCL-C91B8F23
PRJ-029,PCL-6D7D1FF2
PRJ-029,PCL-25E765D6
PRJ-029,PCL-C08A1087
PRJ-029,PCL-31D5FC77
PRJ-029,PCL-EA3A53FD
PRJ-029,PCL-758B26A8
PRJ-029,PCL-098A2652
PRJ-029,PCL-515CDF12
PRJ-029,PCL-DE947E50
PRJ-029,PCL-F2514CBD
PRJ-029,PCL-27DDAD79
PRJ-029,PCL-ED128B2B
PRJ-029,PCL-C06DAE69
PRJ-029,PCL-B5079F97
PRJ-029,PCL-62618417
PRJ-029,PCL-CFDEF0CB
PRJ-029,PCL-DB73E554
PRJ-029,PCL-E03585FB
PRJ-029,PCL-C212C079
PRJ-029,PCL-14EEEB1F
PRJ-029,PCL-3C9785F7
PRJ-029,PCL-C3D28ADB
PRJ-029,PCL-BC19BB06
PRJ-029,PCL-9038D6AC
PRJ-029,PCL-BC78746F
PRJ-029,PCL-1FF27D24
PRJ-029,PCL-E8FDE9F8
PRJ-029,PCL-04872E9B
PRJ-029,PCL-B07FABEF
PRJ-029,PCL-A952C5C7
PRJ-029,PCL-CF9DD3E4
PRJ-029,PCL-D95C8016
PRJ-029,PCL-1AB97763
PRJ-029,PCL-F83D6F43
PRJ-029,PCL-C1045B93
PRJ-029,PCL-BB82C63D
PRJ-029,PCL-F2EDB36C
PRJ-029,PCL-EE698CFC
PRJ-029,PCL-6B577933
PRJ-029,PCL-612A0C02
PRJ-029,PCL-DEE8B525
PRJ-029,PCL-8A472D1C
PRJ-029,PCL-58F863E5
PRJ-029,PCL-0BE8D21B
PRJ-029,PCL-79089917
PRJ-029,PCL-87D76236
PRJ-029,PCL-AF6A8DDF
PRJ-029,PCL-DCFF0E8C
PRJ-029,PCL-BDBD1469
PRJ-029,PCL-8C292567
PRJ-029,PCL-4A6127B0
PRJ-029,PCL-5C0FC331
PRJ-029,PCL-AE5ECD09
PRJ-029,PCL-22141647
PRJ-029,PCL-C5BD4E57
PRJ-029,PCL-806B3334
PRJ-029,PCL-C24478D9
PRJ-029,PCL-21919AF2
PRJ-029,PCL-A2C87787
PRJ-029,PCL-1A387FC9
PRJ-029,PCL-9CAE7E6E
PRJ-029,PCL-5F674BE6
PRJ-029,PCL-9A0EB1D7
PRJ-029,PCL-8B117CCE
PRJ-029,PCL-24434C00
PRJ-029,PCL-6E00FEA9
PRJ-029,PCL-F4BE6F17
PRJ-029,PCL-4BFB44F0
PRJ-029,PCL-250436B9
PRJ-029,PCL-0C339FD8
PRJ-029,PCL-F58D563F
PRJ-029,PCL-42874776
PRJ-029,PCL-82FE7D15
PRJ-029,PCL-D67DB692
PRJ-029,PCL-D2222990
PRJ-029,PCL-CAADDFB3
PRJ-029,PCL-77C8AFD8
PRJ-029,PCL-89DD88AE
