family_id,parcel_id,project_id,affected,displaced,rr_eligibility,rr_status,benefit_type,benefit_status,data_source
FAM-PCL-16B80E95-0,PCL-16B80E95,PRJ-001,True,False,eligible,completed,cash,pending,synthetic
FAM-PCL-6172EB1D-0,PCL-6172EB1D,PRJ-001,True,True,eligible,pending,cash,disbursed,synthetic
FAM-PCL-6172EB1D-1,PCL-6172EB1D,PRJ-001,True,False,eligible,in_progress,cash,disbursed,synthetic
FAM-PCL-6172EB1D-2,PCL-6172EB1D,PRJ-001,True,True,eligible,completed,cash,pending,synthetic
FAM-PCL-2545E1FA-0,PCL-2545E1FA,PRJ-001,True,False,eligible,in_progress,housing,disbursed,synthetic
FAM-PCL-E099DF44-0,PCL-E099DF44,PRJ-001,True,True,eligible,completed,livelihood_support,disbursed,synthetic
FAM-PCL-E099DF44-1,PCL-E099DF44,PRJ-001,True,False,eligible,in_progress,housing,pending,synthetic
FAM-PCL-F5EC4A39-0,PCL-F5EC4A39,PRJ-001,True,False,eligible,in_progress,livelihood_support,pending,synthetic
FAM-PCL-F5EC4A39-1,PCL-F5EC4A39,PRJ-001,True,True,eligible,in_progress,livelihood_support,pending,synthetic
FAM-PCL-F5EC4A39-2,PCL-F5EC4A39,PRJ-001,True,False,eligible,pending,housing,pending,synthetic
FAM-PCL-E6F86E02-0,PCL-E6F86E02,PRJ-001,True,True,eligible,completed,housing,disbursed,synthetic
FAM-PCL-E6F86E02-1,PCL-E6F86E02,PRJ-001,True,False,eligible,pending,cash,pending,synthetic
FAM-PCL-E6F86E02-2,PCL-E6F86E02,PRJ-001,True,True,eligible,completed,housing,disbursed,synthetic
FAM-PCL-F7865182-0,PCL-F7865182,PRJ-001,True,False,eligible,completed,housing,pending,synthetic
FAM-PCL-F7865182-1,PCL-F7865182,PRJ-001,True,False,eligible,completed,livelihood_support,pending,synthetic
FAM-PCL-9370DE1B-0,PCL-9370DE1B,PRJ-001,True,False,eligible,in_progress,cash,pending,synthetic
FAM-PCL-9370DE1B-1,PCL-9370DE1B,PRJ-001,True,True,eligible,in_progress,housing,disbursed,synthetic
FAM-PCL-9370DE1B-2,PCL-9370DE1B,PRJ-001,True,False,eligible,completed,cash,disbursed,synthetic
FAM-PCL-D863F07F-0,PCL-D863F07F,PRJ-001,True,False,eligible,in_progress,livelihood_support,pending,synthetic
FAM-PCL-D863F07F-1,PCL-D863F07F,PRJ-001,True,False,eligible,completed,cash,disbursed,synthetic
FAM-PCL-85ED9B4E-0,PCL-85ED9B4E,PRJ-001,True,False,eligible,completed,housing,disbursed,synthetic
FAM-PCL-85ED9B4E-1,PCL-85ED9B4E,PRJ-001,True,True,eligible,completed,housing,disbursed,synthetic
FAM-PCL-85ED9B4E-2,PCL-85ED9B4E,PRJ-001,True,False,eligible,completed,cash,pending,synthetic
FAM-PCL-268F1F65-0,PCL-268F1F65,PRJ-001,True,False,eligible,completed,cash,pending,synthetic
FAM-PCL-268F1F65-1,PCL-268F1F65,PRJ-001,True,True,eligible,completed,housing,pending,synthetic
FAM-PCL-3351F300-0,PCL-3351F300,PRJ-001,True,False,eligible,completed,livelihood_support,disbursed,synthetic
FAM-PCL-3351F300-1,PCL-3351F300,PRJ-001,True,False,eligible,completed,cash,disbursed,synthetic
FAM-PCL-42E866A4-0,PCL-42E866A4,PRJ-001,True,True,eligible,in_progress,cash,pending,synthetic
FAM-PCL-0F8B8BCD-0,PCL-0F8B8BCD,PRJ-001,True,False,eligible,completed,livelihood_support,disbursed,synthetic
FAM-PCL-14B1802B-0,PCL-14B1802B,PRJ-003,True,True,eligible,completed,livelihood_support,disbursed,synthetic
FAM-PCL-14B1802B-1,PCL-14B1802B,PRJ-003,True,True,eligible,in_progress,housing,pending,synthetic
FAM-PCL-8C9B3239-0,PCL-8C9B3239,PRJ-003,True,False,eligible,completed,livelihood_support,pending,synthetic
FAM-PCL-E7E50417-0,PCL-E7E50417,PRJ-003,True,True,eligible,in_progress,housing,disbursed,synthetic
FAM-PCL-C2DE6A21-0,PCL-C2DE6A21,PRJ-003,True,True,eligible,completed,cash,pending,synthetic
FAM-PCL-C2DE6A21-1,PCL-C2DE6A21,PRJ-003,True,False,eligible,completed,cash,pending,synthetic
FAM-PCL-C2DE6A21-2,PCL-C2DE6A21,PRJ-003,True,True,eligible,pending,housing,disbursed,synthetic
FAM-PCL-106E7493-0,PCL-106E7493,PRJ-003,True,True,eligible,in_progress,livelihood_support,disbursed,synthetic
FAM-PCL-106E7493-1,PCL-106E7493,PRJ-003,True,True,eligible,completed,housing,pending,synthetic
FAM-PCL-E89046EE-0,PCL-E89046EE,PRJ-003,True,True,eligible,in_progress,housing,pending,synthetic
FAM-PCL-D1D220CE-0,PCL-D1D220CE,PRJ-003,True,True,eligible,in_progress,cash,disbursed,synthetic
FAM-PCL-D1D220CE-1,PCL-D1D220CE,PRJ-003,True,False,eligible,in_progress,cash,pending,synthetic
FAM-PCL-D1D220CE-2,PCL-D1D220CE,PRJ-003,True,True,eligible,completed,cash,disbursed,synthetic
FAM-PCL-15173601-0,PCL-15173601,PRJ-003,True,False,eligible,completed,livelihood_support,pending,synthetic
FAM-PCL-15173601-1,PCL-15173601,PRJ-003,True,True,eligible,completed,livelihood_support,pending,synthetic
FAM-PCL-15173601-2,PCL-15173601,PRJ-003,True,True,eligible,completed,housing,pending,synthetic
FAM-PCL-641AAD6E-0,PCL-641AAD6E,PRJ-003,True,False,eligible,completed,housing,pending,synthetic
FAM-PCL-641AAD6E-1,PCL-641AAD6E,PRJ-003,True,True,eligible,completed,livelihood_support,disbursed,synthetic
FAM-PCL-2EF0EE05-0,PCL-2EF0EE05,PRJ-003,True,True,eligible,completed,housing,disbursed,synthetic
FAM-PCL-2EF0EE05-1,PCL-2EF0EE05,PRJ-003,True,False,eligible,completed,livelihood_support,pending,synthetic
FAM-PCL-2EF0EE05-2,PCL-2EF0EE05,PRJ-003,True,True,eligible,pending,livelihood_support,disbursed,synthetic
FAM-PCL-FF7F422A-0,PCL-FF7F422A,PRJ-003,True,False,eligible,in_progress,cash,pending,synthetic
FAM-PCL-097A2F86-0,PCL-097A2F86,PRJ-003,True,False,eligible,completed,housing,disbursed,synthetic
FAM-PCL-D9FD6633-0,PCL-D9FD6633,PRJ-003,True,True,eligible,completed,livelihood_support,disbursed,synthetic
FAM-PCL-6EF7C14E-0,PCL-6EF7C14E,PRJ-003,True,True,eligible,in_progress,housing,disbursed,synthetic
FAM-PCL-76DCDB12-0,PCL-76DCDB12,PRJ-003,True,False,eligible,completed,livelihood_support,disbursed,synthetic
FAM-PCL-FAB9FDA1-0,PCL-FAB9FDA1,PRJ-003,True,True,eligible,in_progress,housing,disbursed,synthetic
FAM-PCL-71C4C202-0,PCL-71C4C202,PRJ-003,True,True,eligible,completed,cash,disbursed,synthetic
FAM-PCL-7AA71223-0,PCL-7AA71223,PRJ-003,True,False,eligible,pending,livelihood_support,disbursed,synthetic
FAM-PCL-2BF25EF4-0,PCL-2BF25EF4,PRJ-003,True,False,eligible,completed,livelihood_support,pending,synthetic
FAM-PCL-953C1262-0,PCL-953C1262,PRJ-005,True,False,eligible,in_progress,cash,disbursed,synthetic
FAM-PCL-953C1262-1,PCL-953C1262,PRJ-005,True,False,eligible,in_progress,livelihood_support,disbursed,synthetic
FAM-PCL-953C1262-2,PCL-953C1262,PRJ-005,True,True,eligible,completed,livelihood_support,disbursed,synthetic
FAM-PCL-BDE74633-0,PCL-BDE74633,PRJ-005,True,False,eligible,completed,cash,disbursed,synthetic
FAM-PCL-BDE74633-1,PCL-BDE74633,PRJ-005,True,False,eligible,in_progress,livelihood_support,disbursed,synthetic
FAM-PCL-BDE74633-2,PCL-BDE74633,PRJ-005,True,False,eligible,completed,housing,disbursed,synthetic
FAM-PCL-D8EDC4A1-0,PCL-D8EDC4A1,PRJ-005,True,True,eligible,completed,cash,pending,synthetic
FAM-PCL-D8EDC4A1-1,PCL-D8EDC4A1,PRJ-005,True,True,eligible,pending,livelihood_support,disbursed,synthetic
FAM-PCL-0363277B-0,PCL-0363277B,PRJ-005,True,False,eligible,completed,livelihood_support,pending,synthetic
FAM-PCL-0363277B-1,PCL-0363277B,PRJ-005,True,False,eligible,completed,cash,pending,synthetic
FAM-PCL-4A170E2B-0,PCL-4A170E2B,PRJ-005,True,False,eligible,pending,housing,disbursed,synthetic
FAM-PCL-4A170E2B-1,PCL-4A170E2B,PRJ-005,True,False,eligible,in_progress,housing,pending,synthetic
FAM-PCL-0F21DB29-0,PCL-0F21DB29,PRJ-005,True,True,eligible,completed,housing,disbursed,synthetic
FAM-PCL-0F21DB29-1,PCL-0F21DB29,PRJ-005,True,False,eligible,in_progress,cash,disbursed,synthetic
FAM-PCL-AB8F7060-0,PCL-AB8F7060,PRJ-005,True,False,eligible,completed,cash,disbursed,synthetic
FAM-PCL-AB8F7060-1,PCL-AB8F7060,PRJ-005,True,False,eligible,completed,livelihood_support,pending,synthetic
FAM-PCL-864E275D-0,PCL-864E275D,PRJ-005,True,True,eligible,pending,livelihood_support,disbursed,synthetic
FAM-PCL-864E275D-1,PCL-864E275D,PRJ-005,True,False,eligible,completed,cash,pending,synthetic
FAM-PCL-3AC9BB48-0,PCL-3AC9BB48,PRJ-005,True,False,eligible,completed,livelihood_support,pending,synthetic
FAM-PCL-3AC9BB48-1,PCL-3AC9BB48,PRJ-005,True,False,eligible,in_progress,livelihood_support,pending,synthetic
FAM-PCL-739FFCCD-0,PCL-739FFCCD,PRJ-005,True,True,eligible,completed,livelihood_support,disbursed,synthetic
FAM-PCL-739FFCCD-1,PCL-739FFCCD,PRJ-005,True,False,eligible,pending,housing,pending,synthetic
FAM-PCL-6989905B-0,PCL-6989905B,PRJ-005,True,False,eligible,in_progress,livelihood_support,pending,synthetic
FAM-PCL-6989905B-1,PCL-6989905B,PRJ-005,True,False,eligible,completed,housing,pending,synthetic
FAM-PCL-6989905B-2,PCL-6989905B,PRJ-005,True,False,eligible,completed,housing,pending,synthetic
FAM-PCL-B8CED11A-0,PCL-B8CED11A,PRJ-005,True,False,eligible,completed,cash,pending,synthetic
FAM-PCL-B8CED11A-1,PCL-B8CED11A,PRJ-005,True,False,eligible,in_progress,livelihood_support,disbursed,synthetic
FAM-PCL-B8CED11A-2,PCL-B8CED11A,PRJ-005,True,True,eligible,pending,housing,pending,synthetic
FAM-PCL-FB0BFA8A-0,PCL-FB0BFA8A,PRJ-005,True,True,eligible,completed,livelihood_support,disbursed,synthetic
FAM-PCL-FB0BFA8A-1,PCL-FB0BFA8A,PRJ-005,True,False,eligible,completed,housing,pending,synthetic
FAM-PCL-B13AE025-0,PCL-B13AE025,PRJ-005,True,True,eligible,completed,cash,disbursed,synthetic
FAM-PCL-B13AE025-1,PCL-B13AE025,PRJ-005,True,False,eligible,completed,cash,disbursed,synthetic
FAM-PCL-B13AE025-2,PCL-B13AE025,PRJ-005,True,False,eligible,in_progress,housing,disbursed,synthetic
FAM-PCL-B073B6CC-0,PCL-B073B6CC,PRJ-005,True,False,eligible,completed,cash,pending,synthetic
FAM-PCL-B073B6CC-1,PCL-B073B6CC,PRJ-005,True,True,eligible,pending,livelihood_support,disbursed,synthetic
FAM-PCL-B073B6CC-2,PCL-B073B6CC,PRJ-005,True,True,eligible,completed,housing,pending,synthetic
FAM-PCL-3624AC0A-0,PCL-3624AC0A,PRJ-005,True,False,eligible,completed,cash,disbursed,synthetic
FAM-PCL-3624AC0A-1,PCL-3624AC0A,PRJ-005,True,False,eligible,pending,livelihood_support,disbursed,synthetic
FAM-PCL-3624AC0A-2,PCL-3624AC0A,PRJ-005,True,False,eligible,completed,cash,pending,synthetic
FAM-PCL-EC199E75-0,PCL-EC199E75,PRJ-005,True,False,eligible,pending,cash,disbursed,synthetic
FAM-PCL-EC199E75-1,PCL-EC199E75,PRJ-005,True,False,eligible,in_progress,livelihood_support,disbursed,synthetic
FAM-PCL-2F8498B2-0,PCL-2F8498B2,PRJ-005,True,False,eligible,completed,livelihood_support,disbursed,synthetic
FAM-PCL-2F8498B2-1,PCL-2F8498B2,PRJ-005,True,True,eligible,completed,livelihood_support,pending,synthetic
FAM-PCL-2F8498B2-2,PCL-2F8498B2,PRJ-005,True,False,eligible,completed,livelihood_support,pending,synthetic
FAM-PCL-8D6CD67E-0,PCL-8D6CD67E,PRJ-005,True,False,eligible,completed,cash,disbursed,synthetic
FAM-PCL-8D6CD67E-1,PCL-8D6CD67E,PRJ-005,True,False,eligible,completed,cash,pending,synthetic
FAM-PCL-8D6CD67E-2,PCL-8D6CD67E,PRJ-005,True,True,eligible,completed,livelihood_support,disbursed,synthetic
FAM-PCL-12140738-0,PCL-12140738,PRJ-005,True,False,eligible,completed,housing,pending,synthetic
FAM-PCL-12140738-1,PCL-12140738,PRJ-005,True,False,eligible,completed,livelihood_support,disbursed,synthetic
FAM-PCL-4F2FFA60-0,PCL-4F2FFA60,PRJ-007,True,False,eligible,pending,livelihood_support,disbursed,synthetic
FAM-PCL-A0A88EFC-0,PCL-A0A88EFC,PRJ-007,True,False,eligible,in_progress,livelihood_support,disbursed,synthetic
FAM-PCL-A0A88EFC-1,PCL-A0A88EFC,PRJ-007,True,False,eligible,completed,cash,pending,synthetic
FAM-PCL-A0A88EFC-2,PCL-A0A88EFC,PRJ-007,True,False,eligible,completed,housing,disbursed,synthetic
FAM-PCL-C6C8A3C3-0,PCL-C6C8A3C3,PRJ-007,True,True,eligible,in_progress,livelihood_support,disbursed,synthetic
FAM-PCL-C6C8A3C3-1,PCL-C6C8A3C3,PRJ-007,True,False,eligible,in_progress,livelihood_support,disbursed,synthetic
FAM-PCL-C6C8A3C3-2,PCL-C6C8A3C3,PRJ-007,True,True,eligible,in_progress,housing,disbursed,synthetic
FAM-PCL-EB617C1B-0,PCL-EB617C1B,PRJ-007,True,True,eligible,pending,cash,pending,synthetic
FAM-PCL-9B2BFC9A-0,PCL-9B2BFC9A,PRJ-007,True,False,eligible,completed,cash,disbursed,synthetic
FAM-PCL-46C58585-0,PCL-46C58585,PRJ-007,True,True,eligible,completed,cash,disbursed,synthetic
FAM-PCL-46C58585-1,PCL-46C58585,PRJ-007,True,False,eligible,completed,cash,disbursed,synthetic
FAM-PCL-46C58585-2,PCL-46C58585,PRJ-007,True,True,eligible,pending,housing,disbursed,synthetic
FAM-PCL-8905AD85-0,PCL-8905AD85,PRJ-007,True,False,eligible,completed,housing,disbursed,synthetic
FAM-PCL-8905AD85-1,PCL-8905AD85,PRJ-007,True,False,eligible,pending,housing,disbursed,synthetic
FAM-PCL-B3BF3D2F-0,PCL-B3BF3D2F,PRJ-007,True,False,eligible,completed,housing,pending,synthetic
FAM-PCL-DE07BC27-0,PCL-DE07BC27,PRJ-009,True,True,eligible,completed,livelihood_support,pending,synthetic
FAM-PCL-DE07BC27-1,PCL-DE07BC27,PRJ-009,True,False,eligible,in_progress,livelihood_support,disbursed,synthetic
FAM-PCL-93DA8633-0,PCL-93DA8633,PRJ-009,True,True,eligible,completed,housing,disbursed,synthetic
FAM-PCL-93DA8633-1,PCL-93DA8633,PRJ-009,True,True,eligible,in_progress,livelihood_support,pending,synthetic
FAM-PCL-93DA8633-2,PCL-93DA8633,PRJ-009,True,True,eligible,completed,livelihood_support,disbursed,synthetic
FAM-PCL-F51B76CB-0,PCL-F51B76CB,PRJ-009,True,False,eligible,completed,cash,pending,synthetic
FAM-PCL-F51B76CB-1,PCL-F51B76CB,PRJ-009,True,True,eligible,completed,livelihood_support,disbursed,synthetic
FAM-PCL-F51B76CB-2,PCL-F51B76CB,PRJ-009,True,False,eligible,completed,livelihood_support,pending,synthetic
FAM-PCL-14D73A6A-0,PCL-14D73A6A,PRJ-009,True,False,eligible,pending,cash,disbursed,synthetic
FAM-PCL-14D73A6A-1,PCL-14D73A6A,PRJ-009,True,True,eligible,in_progress,cash,disbursed,synthetic
FAM-PCL-7EAEC4C5-0,PCL-7EAEC4C5,PRJ-009,True,False,eligible,completed,housing,pending,synthetic
FAM-PCL-13F9FB9B-0,PCL-13F9FB9B,PRJ-009,True,True,eligible,completed,livelihood_support,disbursed,synthetic
FAM-PCL-097DD606-0,PCL-097DD606,PRJ-009,True,True,eligible,in_progress,housing,disbursed,synthetic
FAM-PCL-097DD606-1,PCL-097DD606,PRJ-009,True,True,eligible,in_progress,livelihood_support,disbursed,synthetic
FAM-PCL-097DD606-2,PCL-097DD606,PRJ-009,True,True,eligible,completed,livelihood_support,disbursed,synthetic
FAM-PCL-C4F60CBC-0,PCL-C4F60CBC,PRJ-009,True,False,eligible,completed,housing,disbursed,synthetic
FAM-PCL-C4F60CBC-1,PCL-C4F60CBC,PRJ-009,True,False,eligible,pending,housing,pending,synthetic
FAM-PCL-DB7696B8-0,PCL-DB7696B8,PRJ-009,True,False,eligible,in_progress,livelihood_support,disbursed,synthetic
FAM-PCL-00BBB909-0,PCL-00BBB909,PRJ-009,True,False,eligible,completed,livelihood_support,pending,synthetic
FAM-PCL-00BBB909-1,PCL-00BBB909,PRJ-009,True,False,eligible,pending,livelihood_support,pending,synthetic
FAM-PCL-E23DEFE7-0,PCL-E23DEFE7,PRJ-009,True,False,eligible,completed,housing,disbursed,synthetic
FAM-PCL-E23DEFE7-1,PCL-E23DEFE7,PRJ-009,True,True,eligible,pending,cash,disbursed,synthetic
FAM-PCL-E23DEFE7-2,PCL-E23DEFE7,PRJ-009,True,True,eligible,pending,livelihood_support,disbursed,synthetic
FAM-PCL-2C44C14B-0,PCL-2C44C14B,PRJ-009,True,False,eligible,completed,livelihood_support,pending,synthetic
FAM-PCL-003034CE-0,PCL-003034CE,PRJ-009,True,False,eligible,completed,cash,pending,synthetic
FAM-PCL-155DDB2C-0,PCL-155DDB2C,PRJ-009,True,False,eligible,completed,housing,disbursed,synthetic
FAM-PCL-FA37EC2C-0,PCL-FA37EC2C,PRJ-009,True,False,eligible,in_progress,cash,disbursed,synthetic
FAM-PCL-891138AB-0,PCL-891138AB,PRJ-009,True,False,eligible,completed,cash,pending,synthetic
FAM-PCL-891138AB-1,PCL-891138AB,PRJ-009,True,False,eligible,completed,cash,disbursed,synthetic
FAM-PCL-E2B21FE0-0,PCL-E2B21FE0,PRJ-009,True,True,eligible,in_progress,cash,disbursed,synthetic
FAM-PCL-E2B21FE0-1,PCL-E2B21FE0,PRJ-009,True,False,eligible,pending,cash,disbursed,synthetic
FAM-PCL-E2B21FE0-2,PCL-E2B21FE0,PRJ-009,True,False,eligible,completed,livelihood_support,pending,synthetic
FAM-PCL-71B86EEA-0,PCL-71B86EEA,PRJ-009,True,False,eligible,completed,livelihood_support,pending,synthetic
FAM-PCL-71B86EEA-1,PCL-71B86EEA,PRJ-009,True,False,eligible,pending,cash,pending,synthetic
FAM-PCL-71B86EEA-2,PCL-71B86EEA,PRJ-009,True,True,eligible,in_progress,cash,pending,synthetic
FAM-PCL-407E484D-0,PCL-407E484D,PRJ-009,True,False,eligible,in_progress,housing,disbursed,synthetic
FAM-PCL-407E484D-1,PCL-407E484D,PRJ-009,True,True,eligible,pending,housing,disbursed,synthetic
FAM-PCL-81D5C63C-0,PCL-81D5C63C,PRJ-011,True,False,eligible,in_progress,housing,disbursed,synthetic
FAM-PCL-81D5C63C-1,PCL-81D5C63C,PRJ-011,True,False,eligible,completed,cash,pending,synthetic
FAM-PCL-81D5C63C-2,PCL-81D5C63C,PRJ-011,True,False,eligible,in_progress,cash,disbursed,synthetic
FAM-PCL-5F0FDDE8-0,PCL-5F0FDDE8,PRJ-011,True,False,eligible,in_progress,cash,disbursed,synthetic
FAM-PCL-5F0FDDE8-1,PCL-5F0FDDE8,PRJ-011,True,True,eligible,completed,housing,pending,synthetic
FAM-PCL-5F0FDDE8-2,PCL-5F0FDDE8,PRJ-011,True,True,eligible,completed,livelihood_support,pending,synthetic
FAM-PCL-88EA0495-0,PCL-88EA0495,PRJ-011,True,False,eligible,in_progress,housing,disbursed,synthetic
FAM-PCL-A7FFCF4F-0,PCL-A7FFCF4F,PRJ-011,True,True,eligible,in_progress,livelihood_support,disbursed,synthetic
FAM-PCL-383AA74F-0,PCL-383AA74F,PRJ-011,True,False,eligible,completed,livelihood_support,pending,synthetic
FAM-PCL-383AA74F-1,PCL-383AA74F,PRJ-011,True,True,eligible,completed,livelihood_support,pending,synthetic
FAM-PCL-383AA74F-2,PCL-383AA74F,PRJ-011,True,False,eligible,in_progress,livelihood_support,pending,synthetic
FAM-PCL-30AF5AC9-0,PCL-30AF5AC9,PRJ-011,True,True,eligible,completed,housing,disbursed,synthetic
FAM-PCL-30AF5AC9-1,PCL-30AF5AC9,PRJ-011,True,False,eligible,pending,livelihood_support,disbursed,synthetic
FAM-PCL-30AF5AC9-2,PCL-30AF5AC9,PRJ-011,True,True,eligible,pending,livelihood_support,disbursed,synthetic
FAM-PCL-1604BCD9-0,PCL-1604BCD9,PRJ-011,True,True,eligible,completed,housing,disbursed,synthetic
FAM-PCL-1604BCD9-1,PCL-1604BCD9,PRJ-011,True,False,eligible,in_progress,cash,pending,synthetic
FAM-PCL-1604BCD9-2,PCL-1604BCD9,PRJ-011,True,False,eligible,pending,cash,disbursed,synthetic
FAM-PCL-6778EEC8-0,PCL-6778EEC8,PRJ-011,True,True,eligible,completed,livelihood_support,disbursed,synthetic
FAM-PCL-6856421F-0,PCL-6856421F,PRJ-011,True,False,eligible,pending,livelihood_support,pending,synthetic
FAM-PCL-4311AA57-0,PCL-4311AA57,PRJ-013,True,True,eligible,pending,housing,pending,synthetic
FAM-PCL-D2F4C25A-0,PCL-D2F4C25A,PRJ-013,True,True,eligible,in_progress,cash,pending,synthetic
FAM-PCL-AA099E19-0,PCL-AA099E19,PRJ-013,True,True,eligible,completed,housing,disbursed,synthetic
FAM-PCL-AA099E19-1,PCL-AA099E19,PRJ-013,True,True,eligible,completed,cash,pending,synthetic
FAM-PCL-2CDA4156-0,PCL-2CDA4156,PRJ-013,True,True,eligible,pending,livelihood_support,pending,synthetic
FAM-PCL-2CDA4156-1,PCL-2CDA4156,PRJ-013,True,False,eligible,completed,cash,pending,synthetic
FAM-PCL-2CDA4156-2,PCL-2CDA4156,PRJ-013,True,False,eligible,pending,cash,disbursed,synthetic
FAM-PCL-4B709D48-0,PCL-4B709D48,PRJ-013,True,True,eligible,completed,cash,disbursed,synthetic
FAM-PCL-4B709D48-1,PCL-4B709D48,PRJ-013,True,False,eligible,completed,livelihood_support,disbursed,synthetic
FAM-PCL-4B709D48-2,PCL-4B709D48,PRJ-013,True,True,eligible,completed,livelihood_support,disbursed,synthetic
FAM-PCL-880E5DB4-0,PCL-880E5DB4,PRJ-013,True,False,eligible,completed,housing,disbursed,synthetic
FAM-PCL-F53F8B1B-0,PCL-F53F8B1B,PRJ-013,True,True,eligible,completed,livelihood_support,pending,synthetic
FAM-PCL-F53F8B1B-1,PCL-F53F8B1B,PRJ-013,True,False,eligible,completed,cash,disbursed,synthetic
FAM-PCL-F53F8B1B-2,PCL-F53F8B1B,PRJ-013,True,False,eligible,completed,cash,pending,synthetic
FAM-PCL-5191E5B8-0,PCL-5191E5B8,PRJ-013,True,False,eligible,in_progress,cash,pending,synthetic
FAM-PCL-5191E5B8-1,PCL-5191E5B8,PRJ-013,True,True,eligible,completed,cash,pending,synthetic
FAM-PCL-5191E5B8-2,PCL-5191E5B8,PRJ-013,True,False,eligible,completed,livelihood_support,disbursed,synthetic
FAM-PCL-51AAC500-0,PCL-51AAC500,PRJ-013,True,False,eligible,in_progress,cash,pending,synthetic
FAM-PCL-51AAC500-1,PCL-51AAC500,PRJ-013,True,False,eligible,completed,cash,disbursed,synthetic
FAM-PCL-E57C988B-0,PCL-E57C988B,PRJ-013,True,True,eligible,completed,housing,pending,synthetic
FAM-PCL-E57C988B-1,PCL-E57C988B,PRJ-013,True,False,eligible,completed,cash,disbursed,synthetic
FAM-PCL-FD73A330-0,PCL-FD73A330,PRJ-013,True,False,eligible,in_progress,cash,disbursed,synthetic
FAM-PCL-FD73A330-1,PCL-FD73A330,PRJ-013,True,True,eligible,pending,livelihood_support,disbursed,synthetic
FAM-PCL-FD73A330-2,PCL-FD73A330,PRJ-013,True,False,eligible,completed,livelihood_support,disbursed,synthetic
FAM-PCL-4D010A0F-0,PCL-4D010A0F,PRJ-013,True,True,eligible,completed,housing,disbursed,synthetic
FAM-PCL-4D010A0F-1,PCL-4D010A0F,PRJ-013,True,False,eligible,pending,housing,disbursed,synthetic
FAM-PCL-4D010A0F-2,PCL-4D010A0F,PRJ-013,True,False,eligible,pending,housing,pending,synthetic
FAM-PCL-ABB0185F-0,PCL-ABB0185F,PRJ-013,True,False,eligible,in_progress,livelihood_support,pending,synthetic
FAM-PCL-BF9429FF-0,PCL-BF9429FF,PRJ-013,True,False,eligible,in_progress,cash,disbursed,synthetic
FAM-PCL-BF9429FF-1,PCL-BF9429FF,PRJ-013,True,True,eligible,pending,livelihood_support,pending,synthetic
FAM-PCL-55EC179C-0,PCL-55EC179C,PRJ-013,True,True,eligible,in_progress,housing,disbursed,synthetic
FAM-PCL-55EC179C-1,PCL-55EC179C,PRJ-013,True,False,eligible,in_progress,cash,disbursed,synthetic
FAM-PCL-55EC179C-2,PCL-55EC179C,PRJ-013,True,False,eligible,in_progress,cash,pending,synthetic
FAM-PCL-6E297102-0,PCL-6E297102,PRJ-013,True,True,eligible,in_progress,livelihood_support,pending,synthetic
FAM-PCL-C6946601-0,PCL-C6946601,PRJ-013,True,False,eligible,pending,livelihood_support,pending,synthetic
FAM-PCL-77BB821E-0,PCL-77BB821E,PRJ-013,True,False,eligible,completed,livelihood_support,pending,synthetic
FAM-PCL-77BB821E-1,PCL-77BB821E,PRJ-013,True,False,eligible,in_progress,cash,pending,synthetic
FAM-PCL-77BB821E-2,PCL-77BB821E,PRJ-013,True,True,eligible,completed,cash,pending,synthetic
FAM-PCL-AC4167D6-0,PCL-AC4167D6,PRJ-013,True,False,eligible,completed,livelihood_support,disbursed,synthetic
FAM-PCL-2A131EF6-0,PCL-2A131EF6,PRJ-013,True,False,eligible,completed,cash,pending,synthetic
FAM-PCL-AE3FF34C-0,PCL-AE3FF34C,PRJ-013,True,True,eligible,in_progress,housing,disbursed,synthetic
FAM-PCL-AE3FF34C-1,PCL-AE3FF34C,PRJ-013,True,False,eligible,pending,livelihood_support,disbursed,synthetic
FAM-PCL-AE3FF34C-2,PCL-AE3FF34C,PRJ-013,True,False,eligible,completed,housing,pending,synthetic
FAM-PCL-22CE04F7-0,PCL-22CE04F7,PRJ-013,True,False,eligible,completed,cash,disbursed,synthetic
FAM-PCL-22CE04F7-1,PCL-22CE04F7,PRJ-013,True,True,eligible,completed,cash,pending,synthetic
FAM-PCL-22CE04F7-2,PCL-22CE04F7,PRJ-013,True,False,eligible,completed,cash,disbursed,synthetic
FAM-PCL-C35C89B2-0,PCL-C35C89B2,PRJ-013,True,True,eligible,in_progress,livelihood_support,disbursed,synthetic
FAM-PCL-C35C89B2-1,PCL-C35C89B2,PRJ-013,True,False,eligible,in_progress,livelihood_support,disbursed,synthetic
FAM-PCL-C35C89B2-2,PCL-C35C89B2,PRJ-013,True,False,eligible,in_progress,housing,disbursed,synthetic
FAM-PCL-A935E774-0,PCL-A935E774,PRJ-013,True,False,eligible,in_progress,cash,pending,synthetic
FAM-PCL-A935E774-1,PCL-A935E774,PRJ-013,True,False,eligible,in_progress,housing,disbursed,synthetic
FAM-PCL-A935E774-2,PCL-A935E774,PRJ-013,True,False,eligible,in_progress,cash,disbursed,synthetic
FAM-PCL-64FD76EB-0,PCL-64FD76EB,PRJ-013,True,True,eligible,completed,cash,disbursed,synthetic
FAM-PCL-67BEEB42-0,PCL-67BEEB42,PRJ-013,True,True,eligible,completed,livelihood_support,disbursed,synthetic
FAM-PCL-67BEEB42-1,PCL-67BEEB42,PRJ-013,True,True,eligible,in_progress,livelihood_support,disbursed,synthetic
FAM-PCL-67BEEB42-2,PCL-67BEEB42,PRJ-013,True,True,eligible,completed,livelihood_support,disbursed,synthetic
FAM-PCL-CF39BFCD-0,PCL-CF39BFCD,PRJ-013,True,False,eligible,in_progress,cash,disbursed,synthetic
FAM-PCL-BFEB753A-0,PCL-BFEB753A,PRJ-013,True,False,eligible,completed,housing,disbursed,synthetic
FAM-PCL-BFEB753A-1,PCL-BFEB753A,PRJ-013,True,False,eligible,completed,livelihood_support,disbursed,synthetic
FAM-PCL-BFEB753A-2,PCL-BFEB753A,PRJ-013,True,False,eligible,completed,housing,disbursed,synthetic
FAM-PCL-92D4CABB-0,PCL-92D4CABB,PRJ-013,True,False,eligible,in_progress,housing,disbursed,synthetic
FAM-PCL-92D4CABB-1,PCL-92D4CABB,PRJ-013,True,True,eligible,in_progress,housing,disbursed,synthetic
FAM-PCL-11EA654C-0,PCL-11EA654C,PRJ-013,True,True,eligible,pending,livelihood_support,disbursed,synthetic
FAM-PCL-DF36103C-0,PCL-DF36103C,PRJ-013,True,True,eligible,pending,cash,disbursed,synthetic
FAM-PCL-6F8D5775-0,PCL-6F8D5775,PRJ-013,True,True,eligible,completed,livelihood_support,disbursed,synthetic
FAM-PCL-16B0BF86-0,PCL-16B0BF86,PRJ-015,True,True,eligible,in_progress,cash,disbursed,synthetic
FAM-PCL-16B0BF86-1,PCL-16B0BF86,PRJ-015,True,False,eligible,in_progress,housing,disbursed,synthetic
FAM-PCL-16B0BF86-2,PCL-16B0BF86,PRJ-015,True,False,eligible,completed,cash,disbursed,synthetic
FAM-PCL-BD09538E-0,PCL-BD09538E,PRJ-015,True,True,eligible,completed,housing,pending,synthetic
FAM-PCL-BD09538E-1,PCL-BD09538E,PRJ-015,True,True,eligible,in_progress,livelihood_support,disbursed,synthetic
FAM-PCL-BD09538E-2,PCL-BD09538E,PRJ-015,True,False,eligible,pending,cash,disbursed,synthetic
FAM-PCL-F2D365AA-0,PCL-F2D365AA,PRJ-015,True,False,eligible,completed,cash,disbursed,synthetic
FAM-PCL-4912D992-0,PCL-4912D992,PRJ-015,True,False,eligible,in_progress,livelihood_support,disbursed,synthetic
FAM-PCL-68D7695B-0,PCL-68D7695B,PRJ-015,True,True,eligible,pending,livelihood_support,disbursed,synthetic
FAM-PCL-68D7695B-1,PCL-68D7695B,PRJ-015,True,True,eligible,in_progress,housing,disbursed,synthetic
FAM-PCL-BB5E4957-0,PCL-BB5E4957,PRJ-015,True,True,eligible,completed,housing,disbursed,synthetic
FAM-PCL-BB5E4957-1,PCL-BB5E4957,PRJ-015,True,False,eligible,completed,housing,disbursed,synthetic
FAM-PCL-BB5E4957-2,PCL-BB5E4957,PRJ-015,True,False,eligible,completed,livelihood_support,disbursed,synthetic
FAM-PCL-30984175-0,PCL-30984175,PRJ-015,True,False,eligible,completed,cash,pending,synthetic
FAM-PCL-30984175-1,PCL-30984175,PRJ-015,True,False,eligible,in_progress,livelihood_support,pending,synthetic
FAM-PCL-30984175-2,PCL-30984175,PRJ-015,True,False,eligible,completed,cash,pending,synthetic
FAM-PCL-6B8BAAF0-0,PCL-6B8BAAF0,PRJ-015,True,False,eligible,pending,livelihood_support,disbursed,synthetic
FAM-PCL-3085CC3D-0,PCL-3085CC3D,PRJ-015,True,True,eligible,in_progress,housing,pending,synthetic
FAM-PCL-373A9667-0,PCL-373A9667,PRJ-015,True,True,eligible,completed,cash,disbursed,synthetic
FAM-PCL-373A9667-1,PCL-373A9667,PRJ-015,True,True,eligible,pending,cash,pending,synthetic
FAM-PCL-373A9667-2,PCL-373A9667,PRJ-015,True,True,eligible,completed,livelihood_support,disbursed,synthetic
FAM-PCL-595E704E-0,PCL-595E704E,PRJ-015,True,True,eligible,in_progress,housing,pending,synthetic
FAM-PCL-595E704E-1,PCL-595E704E,PRJ-015,True,False,eligible,completed,housing,pending,synthetic
FAM-PCL-595E704E-2,PCL-595E704E,PRJ-015,True,True,eligible,completed,cash,pending,synthetic
FAM-PCL-EC944DF1-0,PCL-EC944DF1,PRJ-015,True,True,eligible,in_progress,housing,pending,synthetic
FAM-PCL-EC944DF1-1,PCL-EC944DF1,PRJ-015,True,False,eligible,completed,cash,pending,synthetic
FAM-PCL-4C18538E-0,PCL-4C18538E,PRJ-015,True,True,eligible,completed,housing,pending,synthetic
FAM-PCL-4C18538E-1,PCL-4C18538E,PRJ-015,True,False,eligible,in_progress,housing,pending,synthetic
FAM-PCL-0C6D1D9C-0,PCL-0C6D1D9C,PRJ-015,True,False,eligible,in_progress,livelihood_support,disbursed,synthetic
FAM-PCL-0C6D1D9C-1,PCL-0C6D1D9C,PRJ-015,True,False,eligible,in_progress,cash,pending,synthetic
FAM-PCL-0C6D1D9C-2,PCL-0C6D1D9C,PRJ-015,True,False,eligible,pending,cash,disbursed,synthetic
FAM-PCL-58846226-0,PCL-58846226,PRJ-015,True,False,eligible,in_progress,housing,pending,synthetic
FAM-PCL-9780C4EC-0,PCL-9780C4EC,PRJ-015,True,True,eligible,in_progress,livelihood_support,disbursed,synthetic
FAM-PCL-7DF4AF8B-0,PCL-7DF4AF8B,PRJ-015,True,False,eligible,in_progress,cash,disbursed,synthetic
FAM-PCL-7DF4AF8B-1,PCL-7DF4AF8B,PRJ-015,True,False,eligible,in_progress,housing,disbursed,synthetic
FAM-PCL-7DF4AF8B-2,PCL-7DF4AF8B,PRJ-015,True,False,eligible,in_progress,livelihood_support,disbursed,synthetic
FAM-PCL-CAECBF58-0,PCL-CAECBF58,PRJ-015,True,False,eligible,pending,housing,disbursed,synthetic
FAM-PCL-CAECBF58-1,PCL-CAECBF58,PRJ-015,True,False,eligible,completed,cash,disbursed,synthetic
FAM-PCL-CAECBF58-2,PCL-CAECBF58,PRJ-015,True,True,eligible,completed,cash,pending,synthetic
FAM-PCL-7F9BF109-0,PCL-7F9BF109,PRJ-015,True,False,eligible,in_progress,livelihood_support,pending,synthetic
FAM-PCL-02DE0A53-0,PCL-02DE0A53,PRJ-015,True,True,eligible,in_progress,housing,disbursed,synthetic
FAM-PCL-02DE0A53-1,PCL-02DE0A53,PRJ-015,True,False,eligible,in_progress,livelihood_support,disbursed,synthetic
FAM-PCL-E3598DD8-0,PCL-E3598DD8,PRJ-015,True,False,eligible,completed,livelihood_support,disbursed,synthetic
FAM-PCL-E3598DD8-1,PCL-E3598DD8,PRJ-015,True,False,eligible,pending,livelihood_support,disbursed,synthetic
FAM-PCL-502BD476-0,PCL-502BD476,PRJ-015,True,True,eligible,completed,cash,disbursed,synthetic
FAM-PCL-502BD476-1,PCL-502BD476,PRJ-015,True,True,eligible,in_progress,cash,disbursed,synthetic
FAM-PCL-502BD476-2,PCL-502BD476,PRJ-015,True,False,eligible,in_progress,livelihood_support,disbursed,synthetic
FAM-PCL-BBD086C9-0,PCL-BBD086C9,PRJ-015,True,True,eligible,in_progress,livelihood_support,pending,synthetic
FAM-PCL-BBD086C9-1,PCL-BBD086C9,PRJ-015,True,False,eligible,completed,housing,pending,synthetic
FAM-PCL-991392A7-0,PCL-991392A7,PRJ-015,True,True,eligible,completed,cash,pending,synthetic
FAM-PCL-991392A7-1,PCL-991392A7,PRJ-015,True,False,eligible,completed,cash,disbursed,synthetic
FAM-PCL-D4B8CF03-0,PCL-D4B8CF03,PRJ-015,True,True,eligible,pending,cash,disbursed,synthetic
FAM-PCL-D4B8CF03-1,PCL-D4B8CF03,PRJ-015,True,False,eligible,in_progress,livelihood_support,disbursed,synthetic
FAM-PCL-F9F87815-0,PCL-F9F87815,PRJ-017,True,True,eligible,in_progress,housing,disbursed,synthetic
FAM-PCL-BA1864CB-0,PCL-BA1864CB,PRJ-017,True,False,eligible,completed,housing,disbursed,synthetic
FAM-PCL-BA1864CB-1,PCL-BA1864CB,PRJ-017,True,False,eligible,pending,livelihood_support,pending,synthetic
FAM-PCL-BA1864CB-2,PCL-BA1864CB,PRJ-017,True,False,eligible,completed,livelihood_support,disbursed,synthetic
FAM-PCL-A7113D8F-0,PCL-A7113D8F,PRJ-017,True,True,eligible,completed,livelihood_support,disbursed,synthetic
FAM-PCL-A7113D8F-1,PCL-A7113D8F,PRJ-017,True,False,eligible,completed,cash,disbursed,synthetic
FAM-PCL-A7113D8F-2,PCL-A7113D8F,PRJ-017,True,True,eligible,in_progress,livelihood_support,pending,synthetic
FAM-PCL-E055F4D8-0,PCL-E055F4D8,PRJ-017,True,False,eligible,completed,housing,pending,synthetic
FAM-PCL-E055F4D8-1,PCL-E055F4D8,PRJ-017,True,False,eligible,completed,livelihood_support,pending,synthetic
FAM-PCL-E055F4D8-2,PCL-E055F4D8,PRJ-017,True,True,eligible,completed,cash,disbursed,synthetic
FAM-PCL-790B1DF8-0,PCL-790B1DF8,PRJ-017,True,True,eligible,pending,housing,pending,synthetic
FAM-PCL-790B1DF8-1,PCL-790B1DF8,PRJ-017,True,False,eligible,in_progress,livelihood_support,disbursed,synthetic
FAM-PCL-790B1DF8-2,PCL-790B1DF8,PRJ-017,True,True,eligible,completed,cash,disbursed,synthetic
FAM-PCL-333B4F4A-0,PCL-333B4F4A,PRJ-017,True,True,eligible,in_progress,livelihood_support,disbursed,synthetic
FAM-PCL-6F7306D5-0,PCL-6F7306D5,PRJ-019,True,False,eligible,in_progress,housing,disbursed,synthetic
FAM-PCL-6F7306D5-1,PCL-6F7306D5,PRJ-019,True,True,eligible,completed,housing,disbursed,synthetic
FAM-PCL-6F7306D5-2,PCL-6F7306D5,PRJ-019,True,False,eligible,completed,housing,pending,synthetic
FAM-PCL-6D2B81EF-0,PCL-6D2B81EF,PRJ-019,True,True,eligible,completed,cash,pending,synthetic
FAM-PCL-F0ECB5D1-0,PCL-F0ECB5D1,PRJ-019,True,False,eligible,pending,cash,pending,synthetic
FAM-PCL-F0ECB5D1-1,PCL-F0ECB5D1,PRJ-019,True,True,eligible,in_progress,livelihood_support,disbursed,synthetic
FAM-PCL-BA4D8E07-0,PCL-BA4D8E07,PRJ-019,True,False,eligible,completed,cash,disbursed,synthetic
FAM-PCL-BA4D8E07-1,PCL-BA4D8E07,PRJ-019,True,False,eligible,completed,housing,disbursed,synthetic
FAM-PCL-7A13A671-0,PCL-7A13A671,PRJ-019,True,False,eligible,completed,livelihood_support,pending,synthetic
FAM-PCL-7A13A671-1,PCL-7A13A671,PRJ-019,True,False,eligible,completed,cash,disbursed,synthetic
FAM-PCL-7A5F76A2-0,PCL-7A5F76A2,PRJ-019,True,False,eligible,completed,housing,disbursed,synthetic
FAM-PCL-7A5F76A2-1,PCL-7A5F76A2,PRJ-019,True,True,eligible,pending,housing,disbursed,synthetic
FAM-PCL-7A5F76A2-2,PCL-7A5F76A2,PRJ-019,True,False,eligible,completed,livelihood_support,disbursed,synthetic
FAM-PCL-FBCD234B-0,PCL-FBCD234B,PRJ-019,True,False,eligible,pending,housing,disbursed,synthetic
FAM-PCL-AC70DA24-0,PCL-AC70DA24,PRJ-019,True,True,eligible,completed,cash,disbursed,synthetic
FAM-PCL-AC70DA24-1,PCL-AC70DA24,PRJ-019,True,False,eligible,in_progress,livelihood_support,disbursed,synthetic
FAM-PCL-AC70DA24-2,PCL-AC70DA24,PRJ-019,True,False,eligible,pending,cash,disbursed,synthetic
FAM-PCL-933ED8DE-0,PCL-933ED8DE,PRJ-019,True,False,eligible,completed,housing,disbursed,synthetic
FAM-PCL-933ED8DE-1,PCL-933ED8DE,PRJ-019,True,False,eligible,completed,housing,disbursed,synthetic
FAM-PCL-933ED8DE-2,PCL-933ED8DE,PRJ-019,True,True,eligible,completed,cash,pending,synthetic
FAM-PCL-795DD766-0,PCL-795DD766,PRJ-021,True,True,eligible,completed,cash,disbursed,synthetic
FAM-PCL-795DD766-1,PCL-795DD766,PRJ-021,True,True,eligible,pending,housing,disbursed,synthetic
FAM-PCL-795DD766-2,PCL-795DD766,PRJ-021,True,True,eligible,completed,livelihood_support,pending,synthetic
FAM-PCL-40B0DFF6-0,PCL-40B0DFF6,PRJ-021,True,False,eligible,pending,housing,disbursed,synthetic
FAM-PCL-40B0DFF6-1,PCL-40B0DFF6,PRJ-021,True,True,eligible,completed,livelihood_support,disbursed,synthetic
FAM-PCL-40B0DFF6-2,PCL-40B0DFF6,PRJ-021,True,False,eligible,completed,livelihood_support,disbursed,synthetic
FAM-PCL-B0CBC4D9-0,PCL-B0CBC4D9,PRJ-021,True,True,eligible,in_progress,livelihood_support,disbursed,synthetic
FAM-PCL-B0CBC4D9-1,PCL-B0CBC4D9,PRJ-021,True,True,eligible,completed,livelihood_support,disbursed,synthetic
FAM-PCL-B0CBC4D9-2,PCL-B0CBC4D9,PRJ-021,True,False,eligible,completed,livelihood_support,disbursed,synthetic
FAM-PCL-49FD5471-0,PCL-49FD5471,PRJ-021,True,True,eligible,pending,cash,disbursed,synthetic
FAM-PCL-49FD5471-1,PCL-49FD5471,PRJ-021,True,True,eligible,completed,cash,disbursed,synthetic
FAM-PCL-49FD5471-2,PCL-49FD5471,PRJ-021,True,False,eligible,completed,housing,disbursed,synthetic
FAM-PCL-8C66377E-0,PCL-8C66377E,PRJ-021,True,False,eligible,in_progress,livelihood_support,pending,synthetic
FAM-PCL-8C66377E-1,PCL-8C66377E,PRJ-021,True,False,eligible,completed,cash,pending,synthetic
FAM-PCL-3C9AC27E-0,PCL-3C9AC27E,PRJ-021,True,False,eligible,completed,cash,disbursed,synthetic
FAM-PCL-309D69AD-0,PCL-309D69AD,PRJ-021,True,False,eligible,completed,housing,disbursed,synthetic
FAM-PCL-309D69AD-1,PCL-309D69AD,PRJ-021,True,False,eligible,in_progress,cash,disbursed,synthetic
FAM-PCL-309D69AD-2,PCL-309D69AD,PRJ-021,True,True,eligible,completed,livelihood_support,pending,synthetic
FAM-PCL-6BFCABFD-0,PCL-6BFCABFD,PRJ-021,True,False,eligible,completed,cash,pending,synthetic
FAM-PCL-6BFCABFD-1,PCL-6BFCABFD,PRJ-021,True,True,eligible,pending,livelihood_support,disbursed,synthetic
FAM-PCL-6BFCABFD-2,PCL-6BFCABFD,PRJ-021,True,True,eligible,pending,housing,disbursed,synthetic
FAM-PCL-3AFD3620-0,PCL-3AFD3620,PRJ-021,True,False,eligible,completed,housing,disbursed,synthetic
FAM-PCL-3AFD3620-1,PCL-3AFD3620,PRJ-021,True,False,eligible,completed,housing,disbursed,synthetic
FAM-PCL-3AFD3620-2,PCL-3AFD3620,PRJ-021,True,True,eligible,completed,housing,pending,synthetic
FAM-PCL-A3E0A657-0,PCL-A3E0A657,PRJ-021,True,True,eligible,completed,livelihood_support,pending,synthetic
FAM-PCL-39BAD1C7-0,PCL-39BAD1C7,PRJ-021,True,False,eligible,in_progress,housing,disbursed,synthetic
FAM-PCL-74C8E1B3-0,PCL-74C8E1B3,PRJ-021,True,False,eligible,completed,cash,disbursed,synthetic
FAM-PCL-74F66A96-0,PCL-74F66A96,PRJ-021,True,True,eligible,pending,cash,pending,synthetic
FAM-PCL-74F66A96-1,PCL-74F66A96,PRJ-021,True,False,eligible,in_progress,livelihood_support,pending,synthetic
FAM-PCL-31A393B6-0,PCL-31A393B6,PRJ-021,True,True,eligible,completed,livelihood_support,disbursed,synthetic
FAM-PCL-E31DF820-0,PCL-E31DF820,PRJ-021,True,False,eligible,completed,housing,pending,synthetic
FAM-PCL-C8C47E7E-0,PCL-C8C47E7E,PRJ-021,True,True,eligible,completed,housing,disbursed,synthetic
FAM-PCL-C8C47E7E-1,PCL-C8C47E7E,PRJ-021,True,True,eligible,in_progress,cash,pending,synthetic
FAM-PCL-C8C47E7E-2,PCL-C8C47E7E,PRJ-021,True,True,eligible,completed,housing,disbursed,synthetic
FAM-PCL-8E417A0E-0,PCL-8E417A0E,PRJ-021,True,False,eligible,completed,housing,pending,synthetic
FAM-PCL-C12D8E6F-0,PCL-C12D8E6F,PRJ-021,True,False,eligible,completed,cash,disbursed,synthetic
FAM-PCL-C12D8E6F-1,PCL-C12D8E6F,PRJ-021,True,True,eligible,in_progress,livelihood_support,disbursed,synthetic
FAM-PCL-81DAE245-0,PCL-81DAE245,PRJ-021,True,True,eligible,completed,livelihood_support,disbursed,synthetic
FAM-PCL-DE0261D0-0,PCL-DE0261D0,PRJ-021,True,False,eligible,completed,cash,pending,synthetic
FAM-PCL-F24A3094-0,PCL-F24A3094,PRJ-021,True,False,eligible,pending,livelihood_support,disbursed,synthetic
FAM-PCL-F24A3094-1,PCL-F24A3094,PRJ-021,True,True,eligible,completed,cash,disbursed,synthetic
FAM-PCL-CB573EF6-0,PCL-CB573EF6,PRJ-021,True,False,eligible,in_progress,cash,disbursed,synthetic
FAM-PCL-CB573EF6-1,PCL-CB573EF6,PRJ-021,True,False,eligible,completed,livelihood_support,pending,synthetic
FAM-PCL-CB573EF6-2,PCL-CB573EF6,PRJ-021,True,False,eligible,in_progress,housing,pending,synthetic
FAM-PCL-94A43246-0,PCL-94A43246,PRJ-023,True,False,eligible,pending,cash,disbursed,synthetic
FAM-PCL-94A43246-1,PCL-94A43246,PRJ-023,True,False,eligible,pending,housing,disbursed,synthetic
FAM-PCL-94A43246-2,PCL-94A43246,PRJ-023,True,False,eligible,completed,livelihood_support,disbursed,synthetic
FAM-PCL-5D796F2E-0,PCL-5D796F2E,PRJ-023,True,False,eligible,in_progress,livelihood_support,disbursed,synthetic
FAM-PCL-5D796F2E-1,PCL-5D796F2E,PRJ-023,True,False,eligible,in_progress,cash,disbursed,synthetic
FAM-PCL-6058ADBF-0,PCL-6058ADBF,PRJ-023,True,True,eligible,completed,housing,disbursed,synthetic
FAM-PCL-6058ADBF-1,PCL-6058ADBF,PRJ-023,True,True,eligible,in_progress,cash,disbursed,synthetic
FAM-PCL-9D30CBFD-0,PCL-9D30CBFD,PRJ-023,True,False,eligible,in_progress,livelihood_support,pending,synthetic
FAM-PCL-9D30CBFD-1,PCL-9D30CBFD,PRJ-023,True,False,eligible,completed,cash,disbursed,synthetic
FAM-PCL-9D30CBFD-2,PCL-9D30CBFD,PRJ-023,True,False,eligible,completed,livelihood_support,disbursed,synthetic
FAM-PCL-D52B6F40-0,PCL-D52B6F40,PRJ-023,True,True,eligible,in_progress,housing,pending,synthetic
FAM-PCL-D2BE4CB7-0,PCL-D2BE4CB7,PRJ-023,True,False,eligible,in_progress,cash,pending,synthetic
FAM-PCL-D2BE4CB7-1,PCL-D2BE4CB7,PRJ-023,True,True,eligible,completed,livelihood_support,disbursed,synthetic
FAM-PCL-D2BE4CB7-2,PCL-D2BE4CB7,PRJ-023,True,True,eligible,completed,cash,disbursed,synthetic
FAM-PCL-E1C9086E-0,PCL-E1C9086E,PRJ-023,True,False,eligible,completed,livelihood_support,pending,synthetic
FAM-PCL-041BD62F-0,PCL-041BD62F,PRJ-023,True,False,eligible,in_progress,livelihood_support,pending,synthetic
FAM-PCL-041BD62F-1,PCL-041BD62F,PRJ-023,True,True,eligible,pending,housing,disbursed,synthetic
FAM-PCL-041BD62F-2,PCL-041BD62F,PRJ-023,True,False,eligible,completed,housing,disbursed,synthetic
FAM-PCL-4257D4F6-0,PCL-4257D4F6,PRJ-023,True,True,eligible,completed,housing,disbursed,synthetic
FAM-PCL-4257D4F6-1,PCL-4257D4F6,PRJ-023,True,True,eligible,in_progress,cash,pending,synthetic
FAM-PCL-4257D4F6-2,PCL-4257D4F6,PRJ-023,True,False,eligible,completed,livelihood_support,disbursed,synthetic
FAM-PCL-C648D0D5-0,PCL-C648D0D5,PRJ-023,True,True,eligible,completed,housing,pending,synthetic
FAM-PCL-C648D0D5-1,PCL-C648D0D5,PRJ-023,True,True,eligible,pending,livelihood_support,pending,synthetic
FAM-PCL-0706A772-0,PCL-0706A772,PRJ-023,True,False,eligible,pending,cash,pending,synthetic
FAM-PCL-0706A772-1,PCL-0706A772,PRJ-023,True,True,eligible,in_progress,housing,pending,synthetic
FAM-PCL-1D91F846-0,PCL-1D91F846,PRJ-023,True,True,eligible,pending,housing,disbursed,synthetic
FAM-PCL-B03AFE0B-0,PCL-B03AFE0B,PRJ-023,True,True,eligible,completed,housing,pending,synthetic
FAM-PCL-B03AFE0B-1,PCL-B03AFE0B,PRJ-023,True,False,eligible,completed,livelihood_support,pending,synthetic
FAM-PCL-B03AFE0B-2,PCL-B03AFE0B,PRJ-023,True,True,eligible,in_progress,housing,disbursed,synthetic
FAM-PCL-7E91AA05-0,PCL-7E91AA05,PRJ-023,True,False,eligible,completed,livelihood_support,disbursed,synthetic
FAM-PCL-7E91AA05-1,PCL-7E91AA05,PRJ-023,True,False,eligible,in_progress,livelihood_support,pending,synthetic
FAM-PCL-7E91AA05-2,PCL-7E91AA05,PRJ-023,True,False,eligible,in_progress,housing,disbursed,synthetic
FAM-PCL-F55595C9-0,PCL-F55595C9,PRJ-023,True,True,eligible,pending,cash,pending,synthetic
FAM-PCL-F55595C9-1,PCL-F55595C9,PRJ-023,True,False,eligible,completed,livelihood_support,disbursed,synthetic
FAM-PCL-F55595C9-2,PCL-F55595C9,PRJ-023,True,True,eligible,in_progress,housing,pending,synthetic
FAM-PCL-F94A9341-0,PCL-F94A9341,PRJ-023,True,False,eligible,in_progress,housing,disbursed,synthetic
FAM-PCL-F94A9341-1,PCL-F94A9341,PRJ-023,True,False,eligible,in_progress,livelihood_support,disbursed,synthetic
FAM-PCL-191E6986-0,PCL-191E6986,PRJ-023,True,False,eligible,pending,cash,pending,synthetic
FAM-PCL-55E136B4-0,PCL-55E136B4,PRJ-023,True,True,eligible,in_progress,cash,pending,synthetic
FAM-PCL-55E136B4-1,PCL-55E136B4,PRJ-023,True,False,eligible,pending,housing,disbursed,synthetic
FAM-PCL-230A72D3-0,PCL-230A72D3,PRJ-023,True,True,eligible,completed,housing,disbursed,synthetic
FAM-PCL-230A72D3-1,PCL-230A72D3,PRJ-023,True,True,eligible,pending,cash,disbursed,synthetic
FAM-PCL-7BF14C81-0,PCL-7BF14C81,PRJ-023,True,True,eligible,pending,housing,pending,synthetic
FAM-PCL-7BF14C81-1,PCL-7BF14C81,PRJ-023,True,True,eligible,in_progress,cash,pending,synthetic
FAM-PCL-981B221C-0,PCL-981B221C,PRJ-023,True,False,eligible,completed,housing,disbursed,synthetic
FAM-PCL-981B221C-1,PCL-981B221C,PRJ-023,True,False,eligible,in_progress,cash,pending,synthetic
FAM-PCL-9B941E28-0,PCL-9B941E28,PRJ-023,True,True,eligible,completed,livelihood_support,disbursed,synthetic
FAM-PCL-9B941E28-1,PCL-9B941E28,PRJ-023,True,False,eligible,completed,livelihood_support,disbursed,synthetic
FAM-PCL-9B941E28-2,PCL-9B941E28,PRJ-023,True,True,eligible,in_progress,housing,pending,synthetic
FAM-PCL-9452F78C-0,PCL-9452F78C,PRJ-023,True,True,eligible,completed,cash,pending,synthetic
FAM-PCL-BD824916-0,PCL-BD824916,PRJ-023,True,False,eligible,in_progress,housing,pending,synthetic
FAM-PCL-4A2FD836-0,PCL-4A2FD836,PRJ-023,True,False,eligible,completed,cash,disbursed,synthetic
FAM-PCL-4A2FD836-1,PCL-4A2FD836,PRJ-023,True,True,eligible,completed,livelihood_support,pending,synthetic
FAM-PCL-4A2FD836-2,PCL-4A2FD836,PRJ-023,True,True,eligible,completed,livelihood_support,disbursed,synthetic
FAM-PCL-15B98D3F-0,PCL-15B98D3F,PRJ-025,True,False,eligible,pending,cash,disbursed,synthetic
FAM-PCL-15B98D3F-1,PCL-15B98D3F,PRJ-025,True,True,eligible,pending,housing,pending,synthetic
FAM-PCL-15B98D3F-2,PCL-15B98D3F,PRJ-025,True,False,eligible,pending,housing,disbursed,synthetic
FAM-PCL-A5E4718C-0,PCL-A5E4718C,PRJ-025,True,False,eligible,pending,cash,disbursed,synthetic
FAM-PCL-A5E4718C-1,PCL-A5E4718C,PRJ-025,True,False,eligible,completed,cash,pending,synthetic
FAM-PCL-A5E4718C-2,PCL-A5E4718C,PRJ-025,True,False,eligible,completed,livelihood_support,disbursed,synthetic
FAM-PCL-96F1E230-0,PCL-96F1E230,PRJ-025,True,False,eligible,in_progress,cash,disbursed,synthetic
FAM-PCL-96F1E230-1,PCL-96F1E230,PRJ-025,True,False,eligible,pending,cash,disbursed,synthetic
FAM-PCL-56E94BB1-0,PCL-56E94BB1,PRJ-025,True,True,eligible,in_progress,housing,pending,synthetic
FAM-PCL-56E94BB1-1,PCL-56E94BB1,PRJ-025,True,False,eligible,in_progress,livelihood_support,pending,synthetic
FAM-PCL-701CB8D3-0,PCL-701CB8D3,PRJ-025,True,False,eligible,pending,livelihood_support,pending,synthetic
FAM-PCL-701CB8D3-1,PCL-701CB8D3,PRJ-025,True,True,eligible,completed,cash,disbursed,synthetic
FAM-PCL-09500D3E-0,PCL-09500D3E,PRJ-025,True,False,eligible,completed,housing,disbursed,synthetic
FAM-PCL-09500D3E-1,PCL-09500D3E,PRJ-025,True,True,eligible,completed,livelihood_support,disbursed,synthetic
FAM-PCL-09EF2FF1-0,PCL-09EF2FF1,PRJ-025,True,False,eligible,in_progress,cash,disbursed,synthetic
FAM-PCL-09EF2FF1-1,PCL-09EF2FF1,PRJ-025,True,False,eligible,completed,housing,pending,synthetic
FAM-PCL-CC0EB917-0,PCL-CC0EB917,PRJ-025,True,False,eligible,completed,housing,disbursed,synthetic
FAM-PCL-CC0EB917-1,PCL-CC0EB917,PRJ-025,True,False,eligible,in_progress,housing,disbursed,synthetic
FAM-PCL-CC0EB917-2,PCL-CC0EB917,PRJ-025,True,True,eligible,completed,housing,disbursed,synthetic
FAM-PCL-EB8D45D1-0,PCL-EB8D45D1,PRJ-025,True,False,eligible,in_progress,cash,disbursed,synthetic
FAM-PCL-EB8D45D1-1,PCL-EB8D45D1,PRJ-025,True,False,eligible,completed,cash,pending,synthetic
FAM-PCL-EB8D45D1-2,PCL-EB8D45D1,PRJ-025,True,False,eligible,completed,housing,pending,synthetic
FAM-PCL-AB5ED668-0,PCL-AB5ED668,PRJ-027,True,False,eligible,in_progress,livelihood_support,disbursed,synthetic
FAM-PCL-1A1685C8-0,PCL-1A1685C8,PRJ-027,True,True,eligible,completed,cash,disbursed,synthetic
FAM-PCL-CE189D9B-0,PCL-CE189D9B,PRJ-027,True,False,eligible,pending,cash,pending,synthetic
FAM-PCL-CE189D9B-1,PCL-CE189D9B,PRJ-027,True,False,eligible,in_progress,livelihood_support,pending,synthetic
FAM-PCL-CE189D9B-2,PCL-CE189D9B,PRJ-027,True,False,eligible,completed,cash,pending,synthetic
FAM-PCL-04C566E8-0,PCL-04C566E8,PRJ-027,True,False,eligible,completed,housing,disbursed,synthetic
FAM-PCL-04C566E8-1,PCL-04C566E8,PRJ-027,True,False,eligible,in_progress,housing,disbursed,synthetic
FAM-PCL-04C566E8-2,PCL-04C566E8,PRJ-027,True,False,eligible,completed,housing,pending,synthetic
FAM-PCL-1973472C-0,PCL-1973472C,PRJ-027,True,False,eligible,in_progress,cash,disbursed,synthetic
FAM-PCL-2D500091-0,PCL-2D500091,PRJ-027,True,True,eligible,pending,cash,pending,synthetic
FAM-PCL-8E1E058E-0,PCL-8E1E058E,PRJ-027,True,False,eligible,in_progress,livelihood_support,pending,synthetic
FAM-PCL-8E1E058E-1,PCL-8E1E058E,PRJ-027,True,True,eligible,completed,housing,disbursed,synthetic
FAM-PCL-C91B8F23-0,PCL-C91B8F23,PRJ-029,True,True,eligible,in_progress,cash,pending,synthetic
FAM-PCL-25E765D6-0,PCL-25E765D6,PRJ-029,True,False,eligible,in_progress,livelihood_support,disbursed,synthetic
FAM-PCL-25E765D6-1,PCL-25E765D6,PRJ-029,True,True,eligible,completed,livelihood_support,disbursed,synthetic
FAM-PCL-C08A1087-0,PCL-C08A1087,PRJ-029,True,True,eligible,completed,cash,disbursed,synthetic
FAM-PCL-EA3A53FD-0,PCL-EA3A53FD,PRJ-029,True,True,eligible,completed,housing,disbursed,synthetic
FAM-PCL-EA3A53FD-1,PCL-EA3A53FD,PRJ-029,True,False,eligible,pending,cash,disbursed,synthetic
FAM-PCL-EA3A53FD-2,PCL-EA3A53FD,PRJ-029,True,True,eligible,in_progress,livelihood_support,disbursed,synthetic
FAM-PCL-27DDAD79-0,PCL-27DDAD79,PRJ-029,True,True,eligible,completed,livelihood_support,disbursed,synthetic
FAM-PCL-27DDAD79-1,PCL-27DDAD79,PRJ-029,True,False,eligible,in_progress,cash,pending,synthetic
FAM-PCL-ED128B2B-0,PCL-ED128B2B,PRJ-029,True,False,eligible,pending,livelihood_support,pending,synthetic
FAM-PCL-ED128B2B-1,PCL-ED128B2B,PRJ-029,True,True,eligible,pending,housing,disbursed,synthetic
FAM-PCL-62618417-0,PCL-62618417,PRJ-029,True,False,eligible,completed,cash,pending,synthetic
FAM-PCL-62618417-1,PCL-62618417,PRJ-029,True,False,eligible,completed,livelihood_support,disbursed,synthetic
FAM-PCL-CFDEF0CB-0,PCL-CFDEF0CB,PRJ-029,True,False,eligible,completed,housing,pending,synthetic
FAM-PCL-CFDEF0CB-1,PCL-CFDEF0CB,PRJ-029,True,False,eligible,in_progress,livelihood_support,disbursed,synthetic
FAM-PCL-3C9785F7-0,PCL-3C9785F7,PRJ-029,True,False,eligible,completed,housing,disbursed,synthetic
FAM-PCL-3C9785F7-1,PCL-3C9785F7,PRJ-029,True,True,eligible,pending,cash,disbursed,synthetic
FAM-PCL-3C9785F7-2,PCL-3C9785F7,PRJ-029,True,False,eligible,in_progress,cash,disbursed,synthetic
FAM-PCL-1FF27D24-0,PCL-1FF27D24,PRJ-029,True,True,eligible,completed,livelihood_support,pending,synthetic
FAM-PCL-1FF27D24-1,PCL-1FF27D24,PRJ-029,True,True,eligible,completed,housing,disbursed,synthetic
FAM-PCL-1FF27D24-2,PCL-1FF27D24,PRJ-029,True,False,eligible,completed,housing,disbursed,synthetic
FAM-PCL-CF9DD3E4-0,PCL-CF9DD3E4,PRJ-029,True,False,eligible,completed,housing,disbursed,synthetic
FAM-PCL-CF9DD3E4-1,PCL-CF9DD3E4,PRJ-029,True,True,eligible,completed,livelihood_support,disbursed,synthetic
FAM-PCL-CF9DD3E4-2,PCL-CF9DD3E4,PRJ-029,True,True,eligible,completed,livelihood_support,pending,synthetic
FAM-PCL-1AB97763-0,PCL-1AB97763,PRJ-029,True,False,eligible,in_progress,cash,disbursed,synthetic
FAM-PCL-1AB97763-1,PCL-1AB97763,PRJ-029,True,False,eligible,completed,livelihood_support,pending,synthetic
FAM-PCL-BB82C63D-0,PCL-BB82C63D,PRJ-029,True,False,eligible,in_progress,cash,disbursed,synthetic
FAM-PCL-BB82C63D-1,PCL-BB82C63D,PRJ-029,True,False,eligible,pending,housing,disbursed,synthetic
FAM-PCL-6B577933-0,PCL-6B577933,PRJ-029,True,True,eligible,in_progress,cash,pending,synthetic
FAM-PCL-6B577933-1,PCL-6B577933,PRJ-029,True,False,eligible,pending,livelihood_support,pending,synthetic
FAM-PCL-6B577933-2,PCL-6B577933,PRJ-029,True,False,eligible,in_progress,housing,disbursed,synthetic
FAM-PCL-8A472D1C-0,PCL-8A472D1C,PRJ-029,True,True,eligible,completed,housing,pending,synthetic
FAM-PCL-8A472D1C-1,PCL-8A472D1C,PRJ-029,True,False,eligible,pending,housing,disbursed,synthetic
FAM-PCL-AF6A8DDF-0,PCL-AF6A8DDF,PRJ-029,True,False,eligible,completed,livelihood_support,pending,synthetic
FAM-PCL-AF6A8DDF-1,PCL-AF6A8DDF,PRJ-029,True,False,eligible,in_progress,cash,disbursed,synthetic
FAM-PCL-AF6A8DDF-2,PCL-AF6A8DDF,PRJ-029,True,False,eligible,completed,cash,pending,synthetic
FAM-PCL-8C292567-0,PCL-8C292567,PRJ-029,True,True,eligible,completed,livelihood_support,pending,synthetic
FAM-PCL-8C292567-1,PCL-8C292567,PRJ-029,True,True,eligible,pending,housing,disbursed,synthetic
FAM-PCL-8C292567-2,PCL-8C292567,PRJ-029,True,True,eligible,completed,housing,disbursed,synthetic
FAM-PCL-AE5ECD09-0,PCL-AE5ECD09,PRJ-029,True,False,eligible,pending,livelihood_support,disbursed,synthetic
FAM-PCL-AE5ECD09-1,PCL-AE5ECD09,PRJ-029,True,False,eligible,completed,livelihood_support,pending,synthetic
FAM-PCL-AE5ECD09-2,PCL-AE5ECD09,PRJ-029,True,False,eligible,pending,housing,pending,synthetic
FAM-PCL-22141647-0,PCL-22141647,PRJ-029,True,True,eligible,completed,housing,disbursed,synthetic
FAM-PCL-22141647-1,PCL-22141647,PRJ-029,True,False,eligible,completed,cash,disbursed,synthetic
FAM-PCL-22141647-2,PCL-22141647,PRJ-029,True,False,eligible,pending,livelihood_support,disbursed,synthetic
FAM-PCL-806B3334-0,PCL-806B3334,PRJ-029,True,False,eligible,completed,cash,pending,synthetic
FAM-PCL-806B3334-1,PCL-806B3334,PRJ-029,True,False,eligible,in_progress,cash,disbursed,synthetic
FAM-PCL-806B3334-2,PCL-806B3334,PRJ-029,True,False,eligible,completed,cash,disbursed,synthetic
FAM-PCL-F58D563F-0,PCL-F58D563F,PRJ-029,True,True,eligible,in_progress,cash,pending,synthetic
FAM-PCL-F58D563F-1,PCL-F58D563F,PRJ-029,True,False,eligible,completed,housing,pending,synthetic
FAM-PCL-82FE7D15-0,PCL-82FE7D15,PRJ-029,True,False,eligible,completed,livelihood_support,pending,synthetic
FAM-PCL-82FE7D15-1,PCL-82FE7D15,PRJ-029,True,False,eligible,completed,livelihood_support,disbursed,synthetic
FAM-PCL-82FE7D15-2,PCL-82FE7D15,PRJ-029,True,False,eligible,completed,livelihood_support,disbursed,synthetic
